customer_id,customer_name,email,registration_date,customer_type
1,Allison Hill,donaldgarcia@example.net,2025-11-14,VIP
2,Javier Johnson,jesseguzman@example.net,2019-12-23,Regular
3,Meredith Barnes,zlawrence@example.org,2019-04-24,Regular
4,Gina Moore,curtis61@example.com,2022-06-12,VIP
5,Renee Blair,dudleynicholas@example.net,2021-07-31,Premium
6,Lisa Hensley,janetwilliams@example.org,2021-07-08,Regular
7,Dr. Sharon James,xreid@example.org,2022-11-22,Regular
8,Michael Miles,lynchgeorge@example.net,2020-10-04,Regular
9,James Mayo,gabriellecameron@example.org,2020-06-28,VIP
10,Renee Morales,clarksherri@example.net,2021-12-12,Regular
11,Jonathan Wilkerson,ithomas@example.org,2026-02-22,VIP
12,Nicole Patterson,icox@example.net,2024-12-27,VIP
13,Anthony Rodriguez,laurahenderson@example.org,2023-02-20,VIP
14,Zachary Rice,frazierdanny@example.net,2021-02-17,Regular
15,Gina Carter,shawnmckay@example.net,2021-01-27,VIP
16,Pamela Romero,harrellkenneth@example.net,2025-03-25,Premium
17,Brittany Farmer,georgetracy@example.org,2022-10-08,Regular
18,Sandra Parker,allenashley@example.org,2018-01-19,Regular
19,Rose Spence,davidalvarez@example.net,2019-05-28,Regular
20,Shane Henderson,sarahcampos@example.net,2020-01-06,Regular
21,Jennifer Powers,samuel87@example.org,2020-10-23,Regular
22,George Chapman,briannasmith@example.net,2017-08-05,VIP
23,Taylor Heath,palmerjoshua@example.com,2020-03-28,VIP
24,Miranda Khan,esanchez@example.com,2019-11-01,Regular
25,Matthew Gomez,uowens@example.org,2018-04-08,VIP
26,Nicholas Mcbride,wrightjames@example.com,2018-12-24,Regular
27,Donald Wright,ramosmichelle@example.net,2018-04-05,VIP
28,Zachary Huff,housemelinda@example.org,2023-07-05,VIP
29,Mr. James Brown,ysmith@example.com,2024-05-02,VIP
30,Michael Cross,smoore@example.org,2017-08-03,VIP
31,Kimberly Adkins,williamsthomas@example.net,2019-04-10,Premium
32,Jordan York,larsonemma@example.org,2023-06-18,Regular
33,Steve Sanchez,harveyrobert@example.net,2026-03-18,Premium
34,Taylor Harris,john62@example.net,2021-09-12,VIP
35,Timothy Walls,ellisyolanda@example.org,2017-11-03,Premium
36,Katie Anderson,nicole35@example.com,2019-04-12,Regular
37,Joshua Turner,contrerasangela@example.net,2018-05-10,Regular
38,Brandy Wilson,newtoneric@example.com,2020-03-05,VIP
39,Christina Walters,william40@example.org,2023-10-20,Premium
40,Amanda Cook,danagreen@example.net,2024-02-10,Premium
41,Jessica Smith,landryhannah@example.org,2025-11-16,Premium
42,Jacob Tran,tanderson@example.com,2017-04-09,Regular
43,Christine Wright,gomezanita@example.com,2019-03-23,Regular
44,Cynthia Martin,nicolejohnson@example.net,2022-03-31,Premium
45,Jennifer Santiago,josephcobb@example.org,2023-02-07,Regular
46,Shannon Walker,ybailey@example.org,2020-05-21,Regular
47,Corey Murphy,rasmussenjoshua@example.net,2025-04-05,Premium
48,William Herrera,wilsontara@example.org,2026-06-21,Regular
49,Deborah Rodriguez,yreed@example.com,2024-01-07,Premium
50,Kayla Cruz,jonathanfletcher@example.org,2025-06-09,Premium
51,Kimberly Ball,michaeljones@example.net,2022-03-18,VIP
52,Mary Martinez,william65@example.com,2021-08-16,Premium
53,Cheryl Ortega,lbyrd@example.net,2026-04-11,Regular
54,Joshua Smith,jason99@example.net,2022-01-28,VIP
55,Jeremy Lewis,yleon@example.net,2019-06-25,Premium
56,Diane Beck,clarence34@example.org,2019-12-25,VIP
57,Angel Riggs,gibsonolivia@example.net,2019-11-26,Regular
58,Janet Ross,dianasmith@example.org,2023-10-29,Premium
59,Robert Dominguez,pwilliams@example.org,2024-05-11,Regular
60,John Schmidt,stephanie79@example.net,2025-03-07,VIP
61,Terry Griffin,juliawells@example.com,2020-10-19,Premium
62,Destiny Strickland,rsims@example.com,2017-11-29,VIP
63,Cynthia Rogers,taylorjesse@example.net,2019-03-12,VIP
64,Amy Russell,nperry@,2023-03-22,Premium
65,Lauren Dominguez,wwoods@example.com,2023-03-25,VIP
66,Tiffany Barnes,tracynelson@,2017-02-01,Regular
67,Michael Yates,marycalhoun@example.net,2025-09-05,VIP
68,James Elliott,millerroy@example.com,2019-09-08,Regular
69,James Lewis,matthew64@example.com,2020-11-19,Regular
70,Julie Curry,cookemichael@example.net,2017-10-05,VIP
71,Marissa Webster,jamessmith@example.org,2020-08-26,Regular
72,Michael Elliott,stevenscott@example.com,2019-06-13,Premium
73,Tracey Higgins,tamirodriguez@example.org,2021-11-25,Regular
74,Susan Brooks,charlesvaughn@example.net,2020-09-22,Regular
75,Raymond Jefferson,hoganashlee@example.org,2022-07-02,Regular
76,Mary Jones,alexander67@example.org,2023-12-20,Premium
77,Madison Poole,ryangross@example.net,2021-03-10,Premium
78,Tamara Hampton,ugraham@example.net,2021-02-27,Premium
79,David Michael,nicole37@example.net,2023-01-15,VIP
80,Johnny Nguyen,zlewis@example.com,2022-05-20,Premium
81,Kyle Beard,blackjames@example.org,2023-07-05,Regular
82,Peter Vaughn DDS,bwest@example.org,2021-08-07,Premium
83,Michael Torres,thomas85@example.com,2025-12-15,Premium
84,Michael Nelson,jerry35@example.org,2025-09-16,Regular
85,Melissa Lee,lhill@example.net,2021-05-29,VIP
86,Dr. Elizabeth Ward,alexis82@example.com,2017-05-14,Premium
87,Kristen Terry,danamullins@example.org,2016-10-20,VIP
88,Julie Alexander,tammyking@example.com,2018-07-14,VIP
89,Jennifer Jones,hernandezlisa@example.com,2018-01-16,VIP
90,Bailey Duran DDS,kimberlyjames@example.com,2021-08-26,Regular
91,Wanda Torres,lynchjody@example.org,2020-03-08,VIP
92,Brad Allen,moorericky@example.net,2024-08-02,VIP
93,David Mann,ojones@example.com,2019-12-17,Regular
94,Joshua Holland,margaret10@example.org,2021-10-29,VIP
95,Samantha Morse,smartinez@example.com,2023-06-11,VIP
96,Kathryn Snyder,georgepamela@example.net,2022-01-28,Regular
97,Allison Perez,keyemily@example.com,2026-05-25,Regular
98,Peter Ruiz,lmoon@example.net,2024-01-04,Premium
99,Katherine Davis,ricky51@example.org,2022-03-16,Premium
100,Jon Bates,jcervantes@example.org,2024-05-01,Premium
101,David Wilson,ahancock@example.net,2025-10-28,VIP
102,Anthony Stone,wgarrett@example.org,2020-01-21,VIP
103,Carlos Roberts,omartinez@example.net,2020-08-30,VIP
104,Emily Smith,hdavis@example.com,2018-08-04,Regular
105,Brittany Cantu,william46@example.com,2024-08-17,VIP
106,Juan Reyes,michellehill@example.com,2022-05-17,Premium
107,Katie Hoover,jessica99@example.net,2024-12-03,Regular
108,Jill Washington,andrea86@example.com,2022-01-25,Regular
109,Veronica Allen,xhall@example.com,2017-05-03,Regular
110,John Mcintyre,qhughes@example.net,2019-03-08,Premium
111,Andrew Shaw MD,sawyerscott@example.net,2024-05-14,Premium
112,Charles Pitts,charlesharrington@example.com,2022-05-09,Premium
113,Jennifer Miller,melissa86@example.com,2024-11-23,Regular
114,Amanda Jones,wendy16@example.org,2018-04-21,Regular
115,Michael Berger,nguyenbrian@example.com,2022-12-21,VIP
116,David Jenkins,georgemiller@example.com,2020-09-09,VIP
117,Mr. David Little MD,nolansteven@example.com,2025-11-22,Premium
118,Jeremy Reed,danielle64@example.com,2021-09-25,Regular
119,James Webb,patrickhoward@example.com,2021-08-13,VIP
120,Ronald Foster,knightgina@example.net,2017-06-05,Premium
121,Natasha Wall,kimberly39@example.com,2020-04-26,Premium
122,Lisa Byrd,courtneyberger@example.net,2017-04-06,VIP
123,Jeremiah Riley,christopherphillips@example.net,2023-08-30,Premium
124,Carlos Ryan,alyssa42@example.com,2024-10-16,Regular
125,Elizabeth Harrell,mcdonaldcharles@example.org,2023-05-10,Premium
126,Regina Diaz,ismith@example.org,2024-04-30,Regular
127,Paul Baker,xcarson@example.org,2020-07-27,Regular
128,Manuel Hahn,rose31@example.net,2024-06-28,VIP
129,Elizabeth Ortiz,brandonjohnson@example.com,2018-07-27,VIP
130,Stephen Taylor,vwatson@example.net,2025-10-13,VIP
131,Patrick Moore,fpena@example.net,2023-07-15,Premium
132,Diana Vaughn,scottsampson@example.com,2018-04-14,VIP
133,Mrs. Stephanie Newman,sandersjames@example.org,2024-04-30,VIP
134,Daniel Fowler,williamsmatthew@example.org,2026-03-14,Premium
135,Ronald Spencer,lisahall@example.org,2016-08-22,VIP
136,William Huerta,lauren10@example.org,2016-11-05,Premium
137,Richard Chapman,thompsonbrian@example.net,2023-10-03,Premium
138,Nichole Alvarez,william17@example.net,2020-05-12,Regular
139,Amanda Logan,stephen00@example.com,2023-06-05,Regular
140,Brian Joseph,fjones@example.com,2019-02-12,VIP
141,Donald Schultz,oscar98@example.com,2024-04-24,Premium
142,Jessica Mcguire,farrelldebra@example.net,2020-04-02,Regular
143,Stephen Gutierrez,uross@example.org,2021-11-29,Regular
144,Maurice Brooks,gloriawells@example.org,2018-01-17,Regular
145,Brent Rodgers,angelawillis@example.net,2026-02-24,Regular
146,Bryan Gomez,uparrish@example.org,2021-06-27,VIP
147,Heather Lane,ericolson@example.org,2022-07-20,Regular
148,Holly Farmer,lindsaybruce@example.net,2026-01-24,VIP
149,Timothy Gallegos,anthony44@example.com,2022-07-26,Premium
150,Sergio Knight,vjones@example.net,2017-02-11,VIP
151,Joseph Bennett,xpeterson@example.com,2022-02-10,Regular
152,Latoya Miller,moorekaren@example.org,2017-12-24,Premium
153,Matthew Tucker,nperry@example.net,2018-07-13,Premium
154,Brian Gregory,trose@example.org,2020-05-06,VIP
155,Kyle Smith,sierra24@example.com,2022-03-05,Premium
156,Jonathan Jordan,omarpadilla@example.net,2026-02-05,VIP
157,Renee Jones,grahamsteveexample.org,2021-12-02,Premium
158,Laura Mckinney,zroberts@example.org,2022-02-13,VIP
159,Travis Stevens,christopher13@example.com,2023-05-29,Regular
160,Jennifer Collins,jeffrey21@example.net,2018-07-14,VIP
161,Cheyenne Parsons,jessica23@example.org,2019-01-31,VIP
162,Christopher Hernandez,thompsonkendra@example.com,2024-06-26,Regular
163,Olivia Cole,michelle52@example.com,2017-10-03,VIP
164,Mark Hogan,bellcharles@example.com,2024-04-13,VIP
165,Jacob Mitchell,gilbertwilliam@example.com,2026-06-20,Premium
166,Rebecca Huang,kstout@example.net,2019-10-18,VIP
167,John Hernandez,hayeslisa@example.com,2018-01-11,Premium
168,Carrie Wright,hritter@example.net,2019-04-18,Regular
169,Thomas Hughes,erika05@example.org,2022-03-15,Premium
170,Michael Mitchell,mathewaguilar@example.org,2022-07-18,Premium
171,Matthew Bates,brookehurley@example.com,2026-02-07,Regular
172,Rickey Li,lucasrodney@example.com,2016-11-26,Premium
173,Christopher Lewis,ilee@example.org,2017-11-27,Regular
174,Richard Romero,stanleynancy@example.net,2018-10-28,VIP
175,Brittany White,jenniferwilliams@example.com,2020-08-19,VIP
176,Lisa Goodwin,pyoung@example.com,2024-07-28,Premium
177,Cheyenne Gregory,smurray@example.com,2025-02-23,VIP
178,Tracy Montoya,moniquewilliams@example.com,2022-11-28,Regular
179,Ashley Singleton,mitchellkathryn@example.com,2024-03-27,VIP
180,Brittany Kim,lisawilkerson@example.org,2023-08-27,Regular
181,Jonathan Young,brooksanthony@example.org,2022-04-19,VIP
182,Brenda Mitchell,ihorton@example.net,2024-07-28,Premium
183,Aaron Miller,jason28@example.net,2025-07-28,VIP
184,Ricardo Young,williamsrobert@example.net,2024-05-15,VIP
185,Russell Porter,chenbailey@example.net,2019-01-14,VIP
186,Aaron Gomez,qlopez@example.org,2025-07-01,Regular
187,Andrea Fox,myerstheodore@example.net,2023-03-05,Regular
188,Mrs. Alexis Kramer,john19@example.net,2022-04-02,Premium
189,Harold Morgan,mariacohen@example.net,2024-09-25,Regular
190,Robin Brown,mjohnson@example.org,2019-12-27,VIP
191,Emily Collins,ihays@example.com,2020-11-26,VIP
192,Matthew Mitchell,glennmartin@example.org,2022-11-08,Regular
193,James Gonzales,lmorgan@example.com,2025-01-21,VIP
194,Robert Adams,acostachristian@example.net,2019-08-31,Premium
195,Erica Miller,kirk96@example.org,2024-02-23,Premium
196,Andrew Berg,christina64@example.net,2017-07-27,Regular
197,Mark Cox,stephaniethomas@example.net,2024-01-18,Regular
198,Austin Osborne,michael90@example.net,2019-03-16,Premium
199,Tiffany Watson,berryalyssa@example.com,2021-12-10,Premium
200,Danielle Wilson,victorhughes@example.net,2018-08-06,Regular
201,David Griffin,heather73@example.org,2018-11-26,Regular
202,Jodi Roach,zosborn@example.net,2022-01-11,Regular
203,Michelle Pierce,patricia22@example.com,2025-04-01,VIP
204,William Conner,kristyjohnson@example.net,2026-05-01,Regular
205,Robert Arnold,jonesraymond@example.net,2024-09-26,Regular
206,Patricia Morrow,martinezlogan@example.org,2024-04-01,VIP
207,Joseph Anderson,katrinaanderson@example.net,2017-07-15,Premium
208,Kelly Torres,marcusfletcher@example.com,2025-06-03,Regular
209,Sarah King,david49@example.net,2018-03-08,VIP
210,Caroline David,georgeweber@example.net,2022-05-03,Regular
211,Kristy Bryan,millerstacy@example.net,2021-02-04,Regular
212,Pamela Butler,jimenezcourtneyexample.com,2021-09-25,VIP
213,Dr. Michael Evans,barkereric@example.com,2024-10-31,Premium
214,Gerald Thomas,jessica56@example.org,2022-11-24,VIP
215,Ashley Allen,adamsjohn@example.org,2017-06-15,Regular
216,James Gilbert,sydneybarrera@example.com,2026-06-03,Premium
217,Cheryl Moore,tjimenez@example.com,2016-12-27,VIP
218,James Bryant,jasongomez@example.org,2021-05-19,VIP
219,Stephen Pena MD,booneryan@example.com,2022-10-25,Premium
220,Holly Morales,michaelroberts@,2025-03-04,Regular
221,Joshua Bryan,andersoncolin@example.com,2022-05-13,VIP
222,Holly Thomas,cporter@example.org,2018-12-04,VIP
223,Regina Stone,catherinerobertson@example.com,2022-01-05,VIP
224,William Stevenson,brittney88@example.net,2024-12-04,Regular
225,Elizabeth Cabrera,mark16@example.net,2021-10-29,VIP
226,Molly Watts,carlsonjoseph@example.net,2026-06-08,Premium
227,Mikayla Silva,alexandriagriffith@example.com,2019-02-09,Premium
228,Dana Armstrong,leescott@example.com,2019-03-03,VIP
229,Damon Shaw,vsalas@example.net,2017-08-27,VIP
230,Kelly Hoffman,ufox@example.org,2024-05-31,Premium
231,Gloria Gomez,chelsea33@example.com,2026-02-01,Premium
232,Todd Hendrix,janet75@example.com,2022-07-12,VIP
233,Taylor Griffith,david86@example.com,2022-06-19,Premium
234,Regina Roberts,stephanie15@example.com,2020-12-15,Regular
235,Cindy Clayton,sarah42@example.org,2026-07-30,Regular
236,Anthony Stein,danawilliams@example.com,2022-03-19,Regular
237,Ashlee Townsend,oconnelltiffany@example.org,2023-07-08,Regular
238,Shirley Alvarez,katelynmitchell@example.com,2017-08-07,Premium
239,Ann Andrews,gentrygregory@example.org,2017-03-18,Regular
240,Jennifer Simpson DVM,nancy04@example.net,2018-06-02,VIP
241,Frances Gibson,ismall@example.net,2024-07-22,VIP
242,Robert Rivera,twong@example.org,2016-10-31,Regular
243,Rachel Bradley,gregorychase@example.com,2023-11-14,VIP
244,Angie Caldwell,tinawoods@example.org,2016-09-16,Regular
245,David Molina,kevin90@example.com,2022-09-17,Regular
246,Amy Wilson,erik84@example.net,2018-08-04,Regular
247,Teresa Richardson,jeffreyanderson@example.org,2024-05-02,VIP
248,Lisa Perry,ztodd@example.net,2020-04-23,VIP
249,Melanie Larson,foxallison@example.com,2017-12-03,Regular
250,Ashley Poole,ashleyhernandez@example.com,2025-06-12,Regular
251,Michael Love,gdavis@example.com,2017-07-16,Regular
252,Jose Bryant,hansenemily@example.com,2016-12-18,Regular
253,Robert Reese,williamsmelvin@example.org,2025-10-19,Premium
254,Taylor Jones DVM,mitchellhector@example.org,2023-09-30,Regular
255,Steven West,rbennett@example.net,2025-10-08,VIP
256,Scott Wilson,urice@example.org,2016-08-26,Regular
257,Veronica Ford,opatel@example.org,2024-06-06,Premium
258,Donald Pineda,johnsondonna@example.net,2016-11-10,VIP
259,Austin Wheeler,tharper@example.org,2020-10-03,Premium
260,Jennifer Young,karenparsons@example.org,2025-03-02,Regular
261,Cynthia Hendricks DDS,joel28@example.org,2023-08-18,VIP
262,Antonio Fry,conniesimmons@example.com,2017-05-23,Regular
263,Teresa Powers,heather62@example.com,2022-12-31,VIP
264,Joshua Allen,kevinzimmerman@example.com,2017-07-29,VIP
265,Tracy Grant,paulscott@example.com,2017-12-09,VIP
266,Sarah Davis,brettbennett@example.net,2017-04-07,Premium
267,Chelsea Gill,timothybooth@example.com,2021-10-01,Regular
268,Alexis Giles,burgesskaren@example.org,2020-01-27,Premium
269,David Morris,oscar85@example.com,2021-01-16,Premium
270,Stephen Owens,ugill@example.org,2022-11-25,Regular
271,Angel Shields,allentran@example.net,2026-06-12,Regular
272,Elizabeth Gonzalez,noahwhitaker@example.com,2025-12-17,Regular
273,Melinda Scott,plevy@example.net,2024-12-09,VIP
274,Nicholas Bell,jenniferfreeman@example.net,2017-08-04,Premium
275,Sara Jones,duranrobert@example.net,2020-07-13,Premium
276,Chris Robinson,nbrooks@example.net,2024-10-24,Premium
277,Alexis Patel,hsmith@example.net,2021-04-08,Premium
278,Donna Shaw,ldrake@example.org,2018-03-26,Premium
279,Daisy Harvey,lisa46@example.org,2022-12-10,VIP
280,Judy Sanchez,kevinclayton@example.org,2017-02-17,Regular
281,James Tran,walshjacqueline@example.org,2025-02-05,VIP
282,Maria Rivera,jacobsonsamantha@example.org,2020-03-10,VIP
283,Melissa Knight,brandon14@example.net,2026-03-07,VIP
284,Cassie Jefferson,alibrenda@example.net,2023-05-15,Regular
285,Elizabeth Elliott,irhodes@example.com,2023-02-15,Regular
286,Brenda Hinton,masonterri@example.org,2018-04-03,Premium
287,Ryan Peterson,unovak@example.org,2021-03-30,VIP
288,Joanne Perez,rreynolds@example.net,2023-01-22,Premium
289,Luke Yates,millereric@example.net,2019-03-21,Regular
290,Emily Rodriguez,hahnsean@example.com,2018-05-02,Regular
291,Cody Cole,fgarcia@example.com,2026-01-08,Regular
292,Kyle Nguyen,asmith@example.com,2018-01-13,Regular
293,Kristin Haney,ashleyjackson@example.com,2019-06-24,VIP
294,Eric Snyder,jacksonjoshua@example.com,2024-10-30,Premium
295,Heather Raymond,mwheeler@example.com,2018-05-31,Regular
296,Adam Foster,vbrock@example.com,2022-04-15,Premium
297,Rodney Curtis,kevinmorrison@example.net,2020-01-05,Regular
298,Christopher Sanders,kelly79@example.org,2022-02-19,Premium
299,Robert Long,frederickjames@example.net,2019-08-28,Premium
300,Krista Benton,nhahn@example.com,2021-07-20,Regular
301,Andrea Abbott,ichambers@example.net,2021-09-29,Regular
302,Matthew Espinoza,mjones@example.com,2026-07-01,Premium
303,Jonathon Knapp,ystephens@example.com,2025-09-23,VIP
304,Suzanne Rodriguez,dianekelly@example.net,2017-05-07,Regular
305,Maria Lucas,tammy61@example.org,2018-04-09,Regular
306,Jorge Stone,seanmyers@example.net,2025-02-08,VIP
307,Zachary Webb,robert11@example.net,2019-01-02,VIP
308,Grant Mueller,gbailey@example.com,2024-04-16,Regular
309,Eric Patrick,johnsonmatthew@example.org,2019-05-23,Regular
310,Natalie Black,marksimmons@example.com,2020-07-15,Regular
311,Lori Lopez,vfoster@example.net,2019-12-14,Regular
312,Jeffrey Smith,jamiegoodwin@example.org,2026-06-01,Premium
313,Shane Lopez,james14@example.net,2024-12-02,Premium
314,Margaret Harper,wmatthews@example.com,2024-05-20,Premium
315,Robin Mccarthy,samantha91@example.net,2018-11-15,Regular
316,David Wilson,heather86@example.com,2018-12-09,Premium
317,Jenny Tucker,angelaburns@example.org,2019-10-11,Regular
318,Jerry Brown,stephanie72@example.org,2023-02-15,Regular
319,Kathy Simpson,cperry@example.com,2019-06-10,Premium
320,Andre Juarez,antonio38@example.com,2019-06-16,Regular
321,Krystal Barton,hdunn@example.net,2018-07-15,Premium
322,Joshua Ritter,wolfscott@example.org,2023-10-29,Premium
323,Ronald Potter,nancy07@example.com,2022-07-10,Premium
324,Angie Grimes,rowejoel@example.net,2022-07-23,Premium
325,Lisa Patterson,kristenli@example.org,2026-04-17,Premium
326,Douglas Ryan,tiffany44@example.net,2021-02-21,VIP
327,Kayla Mccullough,taylorkaren@example.com,2017-08-08,VIP
328,Sharon Martinez DVM,dustinmorris@example.org,2023-04-11,VIP
329,Kenneth Adams MD,yjones@example.org,2023-06-13,VIP
330,Diana Mayer,shawn75@example.net,2016-08-20,VIP
331,Sarah Davis,sreid@example.com,2017-09-02,Premium
332,Jennifer Donaldson,troymorris@example.com,2022-05-04,Regular
333,Bianca Phelps,patricia00@example.org,2024-05-30,Regular
334,Timothy Moore,bsmith@example.org,2018-11-02,Premium
335,Elizabeth Baxter,clarence54@example.org,2022-12-02,Regular
336,Mariah Williams,jessica36@example.net,2018-02-22,Regular
337,April Woods,brittneystone@example.com,2016-10-01,VIP
338,Greg Martinez,ebenson@example.org,2020-06-27,VIP
339,Nicholas Garcia,michael42@,2018-11-10,VIP
340,Megan Jones,bishopfrank@example.com,2020-03-20,Regular
341,Brittany Jenkins,fheath@example.org,2018-12-23,VIP
342,Leah Cruz,iedwards@example.org,2021-04-22,Premium
343,Danielle Burke,kimberly04@example.org,2025-05-27,Regular
344,Chelsea Myers,bowerslaura@example.org,2025-01-05,Regular
345,David Little,ricetiffany@example.com,2021-12-23,VIP
346,Scott Carroll,amy27@example.org,2016-11-16,Premium
347,Alexis Lewis,fryraymond@example.com,2025-02-12,VIP
348,Jessica Morales,joshuacollins@example.net,2020-01-19,VIP
349,Brittney Murphy,collinssamuel@example.org,2017-07-30,Regular
350,Tim Wilson,parkerjudith@example.net,2019-08-01,Regular
351,Michael Miles,tylerreed@example.net,2021-01-01,VIP
352,Cameron Norman,jessica10@example.com,2023-11-24,Regular
353,Austin Joseph,crawfordwilliam@example.org,2025-02-03,Regular
354,Carol Moore,shannonemily@example.org,2020-06-24,Regular
355,April Trevino,sanchezthomas@example.com,2019-02-23,VIP
356,Tyler Johnson,pwalker@example.com,2022-01-14,Regular
357,Blake Watson,whitelinda@example.org,2023-06-01,VIP
358,John Campbell,mark87@example.org,2022-11-14,Regular
359,Justin Torres,stevenvargas@example.com,2019-12-02,Premium
360,Kimberly Flynn,adamortiz@example.org,2025-10-22,Regular
361,Ryan Wiley,aaron64@example.org,2020-02-01,VIP
362,Cynthia Vasquez,kaufmandouglas@example.com,2018-03-06,Regular
363,David Bruce,xhaynes@example.com,2018-01-14,VIP
364,Kathy Walsh,kjones@example.org,2023-12-29,VIP
365,Bianca Carter,sara65@example.com,2024-04-18,Regular
366,Benjamin Harris,moorefrank@example.com,2021-12-08,VIP
367,Joshua Oconnell,shannonford@example.org,2018-02-17,Regular
368,Michael Mckenzie,lewismelissa@example.org,2018-02-22,Premium
369,Tracy Foster,byrdjorge@example.org,2017-02-14,VIP
370,Sarah Hawkins,codygarcia@example.org,2018-08-29,VIP
371,Ronald Haas,jamesmorales@example.net,2018-01-09,VIP
372,Deanna Hess,osbornjames@example.net,2024-02-20,VIP
373,Anna Boone,david70@example.org,2026-05-10,Premium
374,Nathaniel Crawford,lvega@example.com,2020-03-31,Premium
375,Denise Griffin,austinharvey@example.org,2021-08-12,Regular
376,Dr. John Miller MD,zgonzalez@example.net,2020-10-31,VIP
377,Rebekah Norton,wcasey@example.com,2025-11-09,VIP
378,Hailey Cunningham,paul20@example.com,2020-04-26,Premium
379,Robert Campbell,xmoreno@example.net,2020-07-21,Regular
380,Ariel Sandoval,amanda03@example.net,2023-03-15,Premium
381,Ryan Bruce,joelstewart@example.net,2022-09-12,Premium
382,Alyssa Haynes,annalopez@example.com,2025-10-25,Regular
383,John Davis,carolynsmith@example.com,2016-08-09,VIP
384,Lucas Drake,jennifer50@example.org,2019-02-08,VIP
385,Sylvia Schroeder,susan56@example.net,2018-04-24,Premium
386,Frank Daugherty,fconner@example.net,2021-12-28,Premium
387,Wayne Steele,jeffrey92@example.com,2021-10-24,Premium
388,Elizabeth Thompson,rushstacy@example.com,2026-04-01,Regular
389,Lance Mccall,daniellegarcia@example.com,2018-12-26,Regular
390,Blake Reed,gary15@example.com,2016-10-14,Premium
391,David Jones,kristin00@example.com,2024-01-19,VIP
392,Tracy Wilkerson,wmacias@example.net,2022-12-24,VIP
393,John Shields,franciscojones@example.org,2021-08-11,Regular
394,Dean Garcia,george62@example.net,2017-11-14,Regular
395,Stephanie Davis,bbush@example.net,2019-05-27,VIP
396,Jessica Brown,jamie36@example.net,2026-01-08,Regular
397,Monica Baker,kenneth10@example.com,2026-04-27,VIP
398,Katherine Brown,pattersonkelly@example.net,2024-10-06,Premium
399,Alexander Jackson,tiffany71@,2023-05-10,Regular
400,Steven Baker,ylopez@example.com,2019-10-08,Premium
401,Dennis Marshall,maryelliott@example.org,2018-03-28,Regular
402,Gregg Weaver,angelarandall@example.net,2023-09-19,Regular
403,Melissa Mayer,thomasmiller@example.net,2017-03-08,Premium
404,Stephanie Mcbride,davidtodd@example.org,2019-06-09,Premium
405,Rhonda Martinez,rmiller@example.com,2020-01-11,Regular
406,Lori Flowers MD,millerangela@example.net,2022-02-21,Premium
407,Kelly Stark,buchanancindy@example.net,2023-09-25,VIP
408,Chase Knight,buckleyanna@example.org,2021-06-17,VIP
409,Sheryl Humphrey,patrick79@example.net,2024-08-22,Premium
410,Donald Thomas,vwilliams@example.net,2020-08-20,VIP
411,John Adams,andrew44@example.com,2024-12-15,VIP
412,Melinda Compton,dennismccann@example.com,2022-01-19,VIP
413,Jason Brewer,scottmcintyre@example.com,2024-11-01,Regular
414,Sharon Nicholson,cameronmckinney@example.com,2018-11-25,VIP
415,Kelly Carroll,jameswhitaker@example.org,2020-11-02,VIP
416,Anthony Ward,joshuacolon@example.net,2023-05-07,Premium
417,Becky Johnson,tracy72@example.com,2026-07-30,VIP
418,Hailey Monroe,kaitlyn14@,2023-03-04,Regular
419,Scott Chan,mercedesholland@example.net,2020-02-10,Regular
420,Jason Smith,wellsdavid@example.org,2016-09-26,Premium
421,Lee Hahn,rodney65@example.com,2020-11-17,Regular
422,Eric Meyer,asilva@example.net,2022-12-17,Regular
423,Linda Campbell,olsonmatthew@example.com,2022-02-15,VIP
424,Debbie Dawson,jacob83@example.org,2023-06-20,VIP
425,Melanie Griffith,qbrightexample.com,2023-06-24,Regular
426,Andrew Erickson,matthewreevesexample.net,2025-09-09,Premium
427,Karen Shepard,william28@example.org,2021-08-04,Premium
428,Carl Green,staceylam@example.net,2018-02-10,VIP
429,Daniel Savage,vfrench@example.com,2021-01-10,Regular
430,Julie Wilson,delacruzbrandy@example.net,2017-10-21,VIP
431,Cory Wilson,amoreno@,2019-02-27,Premium
432,Curtis Ortiz,tthomas@example.org,2017-12-20,Regular
433,Mr. Christopher Walters,hayesjason@example.org,2026-05-25,VIP
434,Katherine Gallagher,andersonryan@example.com,2023-06-16,VIP
435,John Smith,jessicadodson@example.com,2025-08-17,Premium
436,Michael Sims,jeremywiley@example.com,2018-10-15,VIP
437,Jonathan Torres,colonkenneth@example.com,2024-05-08,Premium
438,Linda Morgan,matthewvalenzuela@example.com,2019-10-19,Premium
439,Terry Burnett,perezjessica@example.org,2020-03-09,Regular
440,Leah Jackson,jennifer06@example.net,2020-12-11,Regular
441,Lisa Wheeler,stanleydesiree@example.org,2017-05-31,VIP
442,Jennifer James,thomas23@example.net,2016-10-01,Premium
443,Matthew Bates,cindy26@example.org,2025-04-18,Premium
444,Autumn Wilson,jimenezchelsea@example.com,2025-06-29,Regular
445,Heather Ortiz,benjamincrawford@example.org,2024-10-08,Regular
446,Aaron Powers,conleyelizabeth@example.org,2018-02-15,Premium
447,Angela Cummings,dawn74@example.com,2024-06-28,Regular
448,Robert Sawyer,michael56@example.net,2018-07-26,VIP
449,Peter Williams,elizabethjackson@example.com,2024-01-15,Premium
450,Debra Quinn,lisa21@example.com,2023-05-28,Regular
451,Denise Cruz,pmarsh@example.org,2018-07-08,VIP
452,Nicholas Jarvis,dalepruitt@example.com,2026-04-10,Premium
453,Catherine James,cheryl27@example.com,2018-07-07,VIP
454,Jessica Brown,alexander89@example.net,2026-03-16,VIP
455,Tyler Marks,reynoldsjessica@example.com,2022-06-23,Premium
456,Margaret Hernandez,smithsarah@example.net,2024-07-30,VIP
457,Sheila Jones,vflores@example.com,2017-06-13,Regular
458,Krista Gray,christianwallace@example.net,2024-03-20,Regular
459,Jonathan Stewart,bmcgee@example.org,2023-06-16,Regular
460,Justin Smith,connersylvia@example.net,2021-10-10,VIP
461,Kristina Pena,xclements@example.org,2020-05-21,Regular
462,Evelyn Saunders,xmoran@example.net,2024-04-16,VIP
463,Peter Walker,michael48@example.net,2022-12-15,Regular
464,Amber Martin,lydianewton@example.com,2018-05-31,Premium
465,Craig Martinez,ylewis@example.org,2022-05-05,VIP
466,Jason House,bartonshannon@example.net,2025-03-03,VIP
467,Jonathan Moreno,tranryan@example.net,2024-10-22,Regular
468,Priscilla Kent,jessicaanderson@example.com,2022-01-25,Premium
469,Janice Petty,joshuastuart@example.com,2024-04-18,Regular
470,Brenda Morrison,megan85@example.net,2026-01-04,Regular
471,Christina Weber,glenda22@example.net,2025-10-27,Premium
472,Erica Wilson,anna99@example.net,2023-09-12,Premium
473,Stephanie Ferguson,hstokes@example.org,2017-01-09,Regular
474,Anthony Brown,karen24@example.net,2020-11-08,Premium
475,Antonio Mueller,karenjohnson@example.com,2018-05-03,Regular
476,Megan Hoffman,juliahoffman@example.org,2025-04-14,VIP
477,Rebecca Roberts,housepaul@example.net,2021-11-29,Regular
478,Amy Manning,christinenorman@,2020-06-06,VIP
479,Michele Holland,kimberlybrandt@example.com,2024-03-24,Regular
480,Michael Lopez,jillwilson@example.org,2023-11-19,Premium
481,Dennis Martin,adam72@example.org,2019-03-18,VIP
482,Linda Ayala,tracy98@example.com,2017-10-31,Premium
483,Emily Robinson,abigailhartman@example.org,2023-09-02,VIP
484,Jennifer Bailey,elizabethrivera@example.com,2020-04-23,VIP
485,Lisa Wells,wilsonmichael@example.org,2020-09-28,Regular
486,Melanie Flores,cruzamber@example.com,2017-01-05,Regular
487,Samantha Brooks,stucker@example.net,2019-11-14,Regular
488,Bradley Davis,simsjason@example.net,2020-03-21,Regular
489,Jessica Garcia,elucas@example.net,2019-03-18,Premium
490,Mitchell Johnson,brownlaura@example.net,2017-10-16,Regular
491,Crystal Green,zhayes@example.com,2021-12-23,Regular
492,Michael Nichols,avilabrenda@example.net,2017-10-30,VIP
493,Jonathan Roberts,catherine47@example.com,2023-04-26,Premium
494,Amanda Moore,derekmyers@example.net,2021-08-11,Premium
495,Brianna Byrd,susan08@example.net,2018-12-31,VIP
496,Aaron Carlson,torreskaitlin@example.net,2022-06-11,VIP
497,Taylor York,eugenewalker@example.com,2019-11-25,Regular
498,Michael Bradley,yorksarah@example.net,2024-06-10,Premium
499,Angel Powers,corey97@example.com,2022-09-02,Regular
500,Matthew Garcia,mcculloughlouis@example.com,2022-03-07,VIP
501,Elizabeth Silva,lindsey62@example.org,2021-12-03,Regular
502,Daniel Singh,xhill@example.org,2022-03-27,Premium
503,Julie Howard,tony12@example.net,2017-12-27,Regular
504,Shannon Taylor,josemercado@example.org,2017-11-16,Premium
505,Sarah Welch,nhammond@example.org,2025-12-23,Regular
506,Steven Fernandez,michaelwalker@example.net,2021-07-18,Regular
507,Jonathan Davis,wayne39@example.net,2019-06-01,Premium
508,Brenda Moore,jillwebb@example.com,2017-04-13,Premium
509,John Brown,jim38@example.com,2023-03-13,Premium
510,Jesse Williams,dakota84@example.net,2021-01-27,Regular
511,Laura Bennett,pdiaz@example.org,2025-05-20,Regular
512,William Walker,wgomez@example.com,2024-10-17,Regular
513,Adriana Macias,emartin@example.net,2021-05-15,VIP
514,Cody Cox,guerrerorobert@example.com,2018-07-10,Regular
515,Mr. Daniel Martin,cjohnson@example.org,2026-05-08,Premium
516,Brandy Hunt,brianscott@example.org,2025-05-20,Premium
517,Linda Elliott,johnsjessica@example.com,2018-01-19,Premium
518,Lawrence Ruiz,ajackson@example.net,2019-01-08,Regular
519,Samantha White,gary57@example.net,2017-10-06,Premium
520,James Rodriguez,alexandrablankenship@example.net,2023-09-26,Premium
521,Lisa Thompson,richamanda@example.org,2018-03-07,VIP
522,Mr. Larry Carey,xboyd@example.org,2025-08-10,VIP
523,Todd Olson,zbell@example.net,2026-05-24,Premium
524,Cesar Woods,reneemiller@example.net,2025-11-04,VIP
525,Colin Fletcher,lanedavid@example.org,2022-12-22,VIP
526,Melissa Stewart,daniel69@example.com,2021-01-14,Premium
527,Jessica Diaz,victoria63@example.com,2025-12-26,Regular
528,Karen Wood,tking@example.net,2022-06-14,Regular
529,Jennifer Taylor,adkinssean@example.net,2019-05-07,Premium
530,Jordan Hartman,martintamara@example.org,2018-02-22,Regular
531,Kaitlyn Burke,brownjeffrey@example.org,2017-03-27,VIP
532,Tara Morales,jennifer90@example.org,2025-01-01,Premium
533,Dakota Sandoval,james98@example.net,2020-07-14,Regular
534,Megan Ward,cantrellchristopher@example.com,2023-05-22,Regular
535,James Willis,mclaughlincasey@example.org,2025-12-11,VIP
536,Ronald Herman,michael43@example.net,2019-11-26,Premium
537,Jared Smith,richardrodriguez@example.org,2025-02-25,Premium
538,Travis Pratt,nancy94@example.net,2024-02-16,VIP
539,Kristine Carrillo,susan77@example.net,2017-01-21,Premium
540,Mr. James Kramer,ericahall@example.com,2023-08-11,Premium
541,Kelli Smith,john16@example.net,2022-05-31,VIP
542,Timothy Woods,jeffery94@example.org,2019-10-30,VIP
543,Mr. Nicolas Salas II,maryhuff@example.com,2019-04-01,Regular
544,Barbara Miller,waustin@example.net,2017-04-24,Premium
545,Jacqueline Stewart,travis84@example.com,2020-05-16,VIP
546,Bethany Fox,imendoza@example.org,2025-02-21,Regular
547,Scott Parsons,sbray@example.net,2024-06-02,Premium
548,Adam Craig,ucarpenter@example.com,2021-01-04,Regular
549,Dennis Adams,michael76@example.org,2023-09-22,VIP
550,Jacqueline Dickerson,shannon92@example.net,2020-06-25,Premium
551,Michelle Brock,mchase@example.org,2019-02-20,Regular
552,Adam Fisher,wendyatkinson@example.net,2025-09-05,VIP
553,Rachel Evans,rosshannah@example.org,2020-04-04,VIP
554,Karen Soto,qgarner@example.com,2022-09-21,VIP
555,Tara Scott,jenkinsmichael@example.net,2019-12-24,VIP
556,Marie Ryan,michael87@,2024-03-13,VIP
557,Jane Mitchell,mirandadavidson@example.com,2023-10-09,VIP
558,Laura Sweeney,millermatthew@example.com,2021-12-26,VIP
559,Michelle Jacobs,cnelson@example.com,2026-07-30,Regular
560,Joanna Jackson,martinezjimmy@example.com,2017-12-15,Premium
561,James Davis,bkelley@example.com,2025-07-04,Premium
562,Angela Baker,christopherhuynh@example.com,2021-11-09,Regular
563,Oscar Ramos,davidroberson@example.org,2017-03-11,VIP
564,Shannon Nguyen,imcdonald@example.com,2025-12-04,Premium
565,Wayne Wolfe,brittanybryant@example.net,2026-03-10,VIP
566,Mark Ferguson,timothy31@example.com,2021-10-31,Premium
567,David Torres,millskatherine@example.org,2022-06-11,VIP
568,Joseph Watts,earroyo@example.com,2016-09-30,Regular
569,Rebecca Harper,kelleyjacob@example.net,2024-01-12,VIP
570,Christopher Mclaughlin,oclayton@example.com,2017-12-10,Premium
571,David Duran,justin84@example.com,2019-10-17,VIP
572,Catherine Roberts,rwilliamson@example.net,2024-12-18,Premium
573,Alec Williams,lopezcurtis@example.com,2018-09-20,VIP
574,Monica Hall,alexisrobinson@example.com,2021-11-23,Premium
575,Kathleen Watson,riveramegan@example.org,2017-07-19,Premium
576,James Daniels,jamesskinner@example.com,2016-10-22,Premium
577,Randy Wright,cwright@example.org,2024-06-07,VIP
578,Anna Wade,thomasmaldonado@example.com,2022-02-02,Premium
579,Nicholas Garner,kingdanielle@example.org,2022-09-22,VIP
580,Sharon Robinson,youngryan@example.org,2019-06-10,Regular
581,Lauren Foster,albertwilliams@example.net,2024-09-05,Regular
582,Brittney Townsend,ericdavis@example.net,2022-05-08,Premium
583,Yolanda Garrett,kellyeric@example.net,2018-06-03,VIP
584,David Holden,linda73@example.org,2023-01-08,Premium
585,Chad Roach,jmann@example.com,2025-10-29,VIP
586,Cheryl Lopez,mario74@example.net,2026-01-10,VIP
587,Joseph Cole,amber70@example.net,2025-03-14,Regular
588,Cody Smith,kimberly35@example.net,2017-09-02,VIP
589,Kimberly Hughes,jcannon@example.net,2021-05-30,VIP
590,Martin Rodriguez,williamssharon@example.org,2017-02-15,Premium
591,John Garcia,hbarrett@example.net,2020-12-12,Premium
592,Daniel Robbins,conradjason@example.com,2017-12-14,VIP
593,Mark Ward,yshort@example.net,2017-08-02,Regular
594,Deborah Williams,davenportchristian@example.org,2025-06-06,Premium
595,Neil Schmidt,jamessandoval@example.net,2019-08-21,Premium
596,Kristin Reese,emily61@example.org,2019-08-30,Regular
597,Kathy Sandoval,umahoney@example.net,2022-02-12,Premium
598,Jennifer Schultz,charlene98@example.org,2022-12-22,VIP
599,Tammy King,zwest@,2017-03-08,VIP
600,Ms. Kelly Holder,adam33@example.com,2016-12-17,VIP
601,Terri Short,clintonstevens@example.org,2018-12-13,Premium
602,Steve Wright,lisa19@example.com,2026-04-11,Premium
603,Morgan Cummings,sthompson@example.net,2026-05-25,Premium
604,Anna May,crossbarbara@example.org,2017-07-18,Premium
605,Felicia Hobbs,hbutler@example.org,2016-10-15,VIP
606,Lynn Brown,floresannette@example.com,2025-02-20,Regular
607,Brittany Nunez,wmaddox@example.net,2026-05-19,VIP
608,Courtney Roberts,vhernandez@example.org,2024-09-08,Premium
609,Amber Ross,rossryan@example.net,2018-10-24,VIP
610,Karen Gonzalez,mpearson@example.net,2025-07-06,Regular
611,Benjamin Frank,gail91@example.org,2023-08-18,VIP
612,Gregory Flores,carrillogary@example.com,2024-02-12,Regular
613,Jessica Glass,jamesbrooks@example.net,2018-01-20,Premium
614,Anthony Rush,mistywilkins@example.org,2022-06-08,VIP
615,Ashley Cole,riverajody@example.org,2020-01-23,VIP
616,Nicole Dunn,heatherbarnett@example.com,2026-07-06,VIP
617,Kelsey Scott,campbellkristina@example.net,2021-03-17,VIP
618,Matthew Smith,qguerrero@example.net,2022-09-21,Premium
619,Alicia Dillon,yhall@example.net,2018-04-15,Regular
620,Kari Harper,lopezvincent@example.com,2026-02-17,Regular
621,Alison Wright,matthew62@example.org,2022-06-29,VIP
622,Heather Turner,lisa46@example.org,2026-01-13,Premium
623,Courtney Peterson,fsandoval@example.net,2023-02-04,Regular
624,Megan Salas,robertberry@example.com,2021-11-28,Regular
625,Erin Daniels,denisecarpenter@example.net,2020-01-14,Regular
626,Ellen Thornton,russellstout@example.org,2026-03-15,Regular
627,Emily Grant,whitemary@example.org,2017-02-04,Regular
628,Sheryl Gutierrez,vturner@example.net,2021-04-02,Regular
629,Cole Anderson,farmercheryl@example.com,2026-03-29,Premium
630,Linda Hall,howardhailey@example.com,2018-11-16,VIP
631,Lisa Joseph,jack67@example.com,2018-12-07,Regular
632,Darrell Ortiz,schaeferstephanie@example.org,2020-01-17,Premium
633,Andrea Ho,fcamacho@example.net,2022-02-13,Premium
634,Stacy Patterson,franklinmadison@example.net,2021-12-01,VIP
635,Todd Armstrong,meyershannon@example.org,2020-10-09,VIP
636,Jennifer Moss,oblack@example.org,2019-10-28,Regular
637,James Torres,steven64@example.net,2017-07-09,VIP
638,Stephanie Ford,gdavis@example.org,2019-08-27,VIP
639,Teresa Horton,phillipmorris@example.org,2019-08-21,Premium
640,Steven Huang,udavis@example.net,2019-05-21,Premium
641,Becky Wilson,fwalters@example.net,2023-02-16,Premium
642,Vanessa Salazar,nicholasjames@example.org,2022-04-18,Regular
643,Mary Hernandez,haroldjoseph@example.com,2021-11-01,Regular
644,Randy Griffin,davidanderson@example.org,2016-08-26,VIP
645,Dawn Ellis,astephens@example.net,2024-12-27,VIP
646,Kevin Alvarez,mramos@example.net,2016-09-14,Regular
647,Joshua Harvey,brandonhernandez@example.net,2022-07-13,Regular
648,Scott Estrada,mark10@example.org,2023-09-08,Premium
649,Candace Mitchell DDS,tammycurry@example.com,2017-03-15,Regular
650,Edwin Richardson,wwilkins@example.com,2025-12-16,Regular
651,John Martinez,mark68@example.org,2020-02-24,VIP
652,Ashley Blair,webbhaley@example.net,2021-06-24,VIP
653,Ryan Green,sara99@example.com,2025-06-08,Premium
654,Kathleen Morton,jeanettekrause@example.org,2018-08-09,Regular
655,Mario Wilson,laurenduarte@example.com,2017-05-14,VIP
656,Justin Walsh,davidsonhannah@example.com,2017-09-30,Regular
657,Jonathon Nguyen,wilsonmathew@example.com,2026-04-10,Regular
658,Alyssa Thompson,martha77@example.org,2018-11-26,Premium
659,Mr. Steven Herrera,steven60@example.net,2021-09-08,Regular
660,Megan Peters,clarkgina@example.com,2017-09-20,Premium
661,Diana Johnson,ksims@example.net,2023-03-22,VIP
662,Bruce Patton,janet50@example.com,2023-08-20,VIP
663,Shawn Watson,javier42@example.org,2022-12-17,VIP
664,Paula Gentry,zhunter@example.com,2025-02-06,VIP
665,Gerald Webb,kimberly21@example.net,2018-11-07,Premium
666,Andrew Hughes,smithsarah@example.net,2018-01-28,Premium
667,Stephen Garcia,andrew43@example.com,2020-01-03,VIP
668,Donald Flores,rlambert@example.org,2019-04-10,VIP
669,Adrian Dean,clarkmichael@example.com,2021-03-16,VIP
670,Michael Campbell,georgecollins@example.com,2025-10-16,Premium
671,Carlos Ruiz,rodriguezbrian@example.com,2023-04-06,VIP
672,Kyle Watkins,tjensen@example.com,2019-12-19,Premium
673,Megan Ferguson,fbradley@example.net,2024-07-23,Regular
674,Eric Newman,oruiz@example.org,2020-12-25,VIP
675,Jenna Lyons,kristina57@example.com,2017-02-09,Premium
676,Brian Mendoza,justinbailey@example.net,2018-10-05,Premium
677,Jennifer Klein,nguyendebra@example.com,2025-08-28,Premium
678,Kevin Allen,amydickson@example.com,2017-09-19,Regular
679,Robert Garza,vbradley@example.net,2020-08-11,VIP
680,Michael Stevenson,mwilson@example.com,2022-02-16,Premium
681,Samantha Thompson,gjones@example.net,2023-01-15,VIP
682,Matthew Brown,lisaclay@example.net,2016-08-06,Premium
683,Mary Chavez,peter97@example.org,2020-02-03,VIP
684,Emily Hudson,samantha65@example.org,2026-07-04,Regular
685,William Powell,melissabrown@example.net,2017-07-01,Premium
686,Justin Irwin,callahanmichelle@example.org,2023-12-09,Premium
687,Jennifer Flores,bsullivan@example.net,2020-03-09,Regular
688,Karen Lopez,xbridges@example.com,2019-03-21,VIP
689,Shane Martinez,jonesalfred@example.net,2024-11-15,Premium
690,Vanessa Taylor,dawnperry@example.com,2023-11-02,Regular
691,Jordan Coleman,ocruz@example.org,2023-10-27,Premium
692,Laura Bradford,jenniferadams@example.net,2026-05-26,Premium
693,William Carroll,daniel71@example.org,2025-07-19,Premium
694,Dr. Peggy Marshall,millschelsea@example.org,2024-08-18,VIP
695,Mary Barnett,chloe58@example.org,2024-07-27,Regular
696,Taylor Berry,robert44@example.org,2017-03-12,Regular
697,Linda Torres,bryan79@example.org,2026-05-04,Regular
698,William Lamb,mitchellchristopher@example.net,2017-11-25,Regular
699,Diana Anderson,joshua40@example.net,2018-06-29,Premium
700,Susan Stevenson,lwood@example.com,2020-08-11,VIP
