order_id,customer_id,order_date,status,region_code
1,246.0,2002-12-31 17:09:50,RETURNED,EAST
2,290.0,1982-04-22 00:52:55,CANCELLED,WEST
3,547.0,2024-05-25 11:58:26,DELIVERED,EAST
4,268.0,2005-11-21 07:42:14,DELIVERED,CENTRAL
5,510.0,1972-04-02 11:16:08,CANCELLED,NORTH
6,481.0,1993-05-01 12:47:29,DELIVERED,SOUTH
7,380.0,1975-09-29 19:25:57,DELIVERED,WEST
8,47.0,1979-11-15 17:46:35,RETURNED,SOUTH
9,150.0,2010-07-12 07:53:05,PLACED,EAST
10,567.0,2025-12-02 01:19:23,RETURNED,CENTRAL
11,428.0,1980-06-28 10:14:00,DELIVERED,SOUTH
12,,2003-10-01 20:40:13,DELIVERED,SOUTH
13,389.0,2021-03-23 23:36:11,RETURNED,SOUTH
14,512.0,1998-02-06 21:00:11,RETURNED,EAST
15,264.0,2022-06-04 14:17:11,CANCELLED,WEST
16,472.0,1996-01-28 16:01:03,SHIPPED,EAST
17,174.0,12-03-1986,SHIPPED,CENTRAL
18,501.0,2014-12-16 23:23:26,SHIPPED,CENTRAL
19,658.0,1999-12-15 20:35:01,PLACED,CENTRAL
20,35.0,2019-05-28 19:19:32,PLACED,NORTH
21,7.0,2013-05-22 00:06:21,CANCELLED,SOUTH
22,646.0,1981-05-20 20:21:11,SHIPPED,NORTH
23,155.0,1984-05-07 20:56:52,PLACED,SOUTH
24,518.0,2009-04-26 05:42:33,CANCELLED,EAST
25,62.0,2019-12-22 15:27:48,RETURNED,CENTRAL
26,495.0,1993-06-25 21:41:18,CANCELLED,NORTH
27,7.0,1973-09-12 06:35:29,RETURNED,CENTRAL
28,,2013-09-15 11:40:09,PLACED,NORTH
29,,1987-12-29 14:03:15,DELIVERED,CENTRAL
30,294.0,2021-05-30 15:42:58,PLACED,CENTRAL
31,691.0,2025-10-08 13:17:29,CANCELLED,SOUTH
32,110.0,1977-11-23 01:20:03,PLACED,CENTRAL
33,,1973-07-29 11:18:36,SHIPPED,SOUTH
34,635.0,1981-05-28 17:31:56,RETURNED,EAST
35,363.0,2001-07-30 03:41:13,DELIVERED,WEST
36,81.0,1997-02-18 20:32:19,DELIVERED,WEST
37,,2002-05-29 19:25:04,RETURNED,SOUTH
38,232.0,1990-07-05 12:29:46,DELIVERED,NORTH
39,670.0,30-05-2002,PLACED,NORTH
40,416.0,2020-10-10 16:08:01,CANCELLED,WEST
41,,2021-03-15 16:41:44,CANCELLED,NORTH
42,653.0,2006-03-28 21:03:01,PLACED,SOUTH
43,85.0,25-11-1985,CANCELLED,WEST
44,661.0,1995-11-05 23:59:56,DELIVERED,CENTRAL
45,,2016-07-06 17:34:21,RETURNED,NORTH
46,236.0,2018-01-06 23:27:08,SHIPPED,CENTRAL
47,487.0,1996-07-18 06:06:28,DELIVERED,NORTH
48,77.0,2002-04-18 23:42:42,DELIVERED,CENTRAL
49,578.0,1987-11-15 14:00:30,PLACED,SOUTH
50,323.0,1979-11-17 17:14:53,PLACED,SOUTH
51,602.0,2006-02-05 05:03:17,SHIPPED,WEST
52,79.0,1999-08-02 09:07:50,DELIVERED,SOUTH
53,578.0,1970-10-22 20:34:40,SHIPPED,CENTRAL
54,399.0,1989-08-26 23:16:04,RETURNED,EAST
55,,2024-04-04 05:22:10,SHIPPED,NORTH
56,513.0,2000-07-17 11:55:53,DELIVERED,NORTH
57,101.0,1995-12-30 18:18:59,CANCELLED,SOUTH
58,78.0,2016-03-04 01:05:01,DELIVERED,CENTRAL
59,629.0,1991-06-26 11:35:58,RETURNED,WEST
60,335.0,2006-01-31 12:29:04,PLACED,EAST
61,462.0,2016-06-20 23:35:07,CANCELLED,SOUTH
62,365.0,1972-10-16 11:57:39,RETURNED,WEST
63,443.0,1976-08-17 00:04:37,SHIPPED,CENTRAL
64,677.0,2006-02-26 08:49:41,CANCELLED,NORTH
65,634.0,2013-05-18 06:19:06,DELIVERED,SOUTH
66,76.0,1994-01-29 10:40:32,PLACED,EAST
67,158.0,1999-05-21 02:18:34,CANCELLED,SOUTH
68,399.0,2011-07-18 16:49:28,DELIVERED,EAST
69,110.0,2014-05-17 04:28:30,PLACED,NORTH
70,316.0,1988-07-20 06:37:20,CANCELLED,EAST
71,277.0,1992-10-17 15:50:31,PLACED,SOUTH
72,90.0,1988-05-24 23:48:42,SHIPPED,WEST
73,460.0,1988-03-05 12:05:04,RETURNED,CENTRAL
74,525.0,2024-08-06 16:21:19,CANCELLED,NORTH
75,27.0,1976-09-08 16:23:14,PLACED,EAST
76,568.0,18-05-1987,PLACED,CENTRAL
77,613.0,2014-07-12 18:58:15,DELIVERED,WEST
78,13.0,2009-10-02 19:03:26,DELIVERED,WEST
79,398.0,1996-08-14 04:18:39,PLACED,CENTRAL
80,249.0,2001-05-18 21:59:21,RETURNED,CENTRAL
81,174.0,2022-08-12 18:32:33,CANCELLED,SOUTH
82,143.0,2015-12-15 10:50:39,DELIVERED,EAST
83,275.0,2020-12-22 18:08:07,CANCELLED,SOUTH
84,65.0,1986-06-15 21:30:36,SHIPPED,WEST
85,283.0,2019-12-21 11:02:14,CANCELLED,EAST
86,496.0,2015-09-21 21:54:28,PLACED,EAST
87,258.0,2010-01-23 19:42:59,SHIPPED,WEST
88,609.0,2022-06-07 19:32:15,RETURNED,SOUTH
89,469.0,1983-04-07 21:41:54,PLACED,SOUTH
90,312.0,2005-05-20 11:38:24,PLACED,WEST
91,341.0,1992-12-17 06:52:33,RETURNED,WEST
92,338.0,2016-02-13 18:37:47,CANCELLED,EAST
93,441.0,2016-12-21 23:03:34,RETURNED,SOUTH
94,308.0,1982-03-30 20:27:46,DELIVERED,CENTRAL
95,206.0,1991-04-27 08:43:58,CANCELLED,EAST
96,182.0,2007-04-07 23:37:03,CANCELLED,EAST
97,299.0,1970-09-20 22:01:02,CANCELLED,CENTRAL
98,249.0,2015-10-14 13:56:42,DELIVERED,WEST
99,288.0,1970-07-30 16:13:47,CANCELLED,EAST
100,117.0,1974-08-16 22:55:21,RETURNED,SOUTH
101,607.0,1970-10-25 07:15:43,RETURNED,SOUTH
102,699.0,1997-12-26 15:26:50,RETURNED,NORTH
103,473.0,1976-08-25 07:34:53,SHIPPED,WEST
104,299.0,2005-09-29 12:20:30,PLACED,WEST
105,690.0,26-01-1977,CANCELLED,SOUTH
106,649.0,2016-08-25 04:24:36,DELIVERED,SOUTH
107,259.0,2000-05-06 22:53:08,SHIPPED,WEST
108,387.0,1993-12-02 23:42:45,PLACED,WEST
109,613.0,1984-12-06 14:56:08,CANCELLED,CENTRAL
110,411.0,2019-05-10 04:52:10,RETURNED,CENTRAL
111,429.0,1989-04-12 09:15:18,RETURNED,NORTH
112,369.0,1987-02-21 21:52:56,RETURNED,CENTRAL
113,654.0,1983-02-21 00:25:46,PLACED,NORTH
114,255.0,1972-04-26 02:42:22,DELIVERED,SOUTH
115,663.0,1971-08-13 01:53:03,RETURNED,NORTH
116,577.0,2012-02-25 04:50:11,CANCELLED,EAST
117,441.0,1976-04-04 05:06:55,PLACED,NORTH
118,101.0,1973-11-14 19:22:45,DELIVERED,SOUTH
119,523.0,2010-06-07 09:28:04,RETURNED,CENTRAL
120,595.0,2014-09-07 00:26:42,RETURNED,SOUTH
121,457.0,1984-10-03 04:58:43,DELIVERED,WEST
122,475.0,2010-10-15 19:03:49,RETURNED,CENTRAL
123,155.0,2013-06-03 15:16:03,DELIVERED,NORTH
124,495.0,1978-04-16 02:38:26,PLACED,EAST
125,426.0,09-03-2018,PLACED,NORTH
126,146.0,1978-03-02 01:08:08,DELIVERED,EAST
127,352.0,1975-11-18 03:28:39,CANCELLED,SOUTH
128,534.0,2011-02-24 13:07:18,CANCELLED,EAST
129,488.0,1978-11-03 20:41:46,PLACED,WEST
130,464.0,1995-08-02 11:56:39,DELIVERED,NORTH
131,308.0,01-09-2014,PLACED,NORTH
132,24.0,2021-12-24 18:54:15,DELIVERED,NORTH
133,694.0,2014-02-02 18:53:15,SHIPPED,SOUTH
134,529.0,2008-07-09 17:11:38,SHIPPED,CENTRAL
135,164.0,2024-08-28 15:29:58,DELIVERED,CENTRAL
136,437.0,1982-07-29 10:46:21,CANCELLED,SOUTH
137,415.0,1977-07-18 01:40:15,SHIPPED,SOUTH
138,656.0,2017-05-04 13:33:33,CANCELLED,WEST
139,30.0,1982-07-16 21:09:29,RETURNED,SOUTH
140,461.0,1987-03-29 16:39:26,RETURNED,WEST
141,399.0,1990-01-17 13:01:26,PLACED,SOUTH
142,211.0,2001-10-11 05:51:11,DELIVERED,NORTH
143,592.0,2014-12-12 06:22:42,PLACED,CENTRAL
144,192.0,1975-02-25 21:15:56,DELIVERED,EAST
145,202.0,2013-06-20 23:24:57,CANCELLED,NORTH
146,269.0,2000-11-09 09:44:16,CANCELLED,CENTRAL
147,655.0,1988-10-22 13:12:50,DELIVERED,CENTRAL
148,398.0,2022-05-10 12:35:46,RETURNED,WEST
149,602.0,1999-01-21 17:30:58,PLACED,EAST
150,361.0,2017-02-08 06:12:03,CANCELLED,CENTRAL
151,177.0,2015-06-06 18:30:23,DELIVERED,CENTRAL
152,605.0,2022-05-23 11:36:42,PLACED,SOUTH
153,321.0,2022-05-29 10:14:31,PLACED,SOUTH
154,313.0,1992-01-04 06:04:38,PLACED,SOUTH
155,383.0,1987-07-07 03:15:35,SHIPPED,CENTRAL
156,398.0,1981-01-08 16:29:59,CANCELLED,CENTRAL
157,142.0,2023-02-17 04:21:40,RETURNED,WEST
158,434.0,1975-01-14 04:58:06,SHIPPED,WEST
159,651.0,1988-11-14 00:25:29,RETURNED,SOUTH
160,569.0,2022-11-19 01:45:28,SHIPPED,WEST
161,,1974-03-31 15:31:17,SHIPPED,SOUTH
162,323.0,1996-01-19 12:30:05,CANCELLED,CENTRAL
163,55.0,1996-06-11 11:13:16,DELIVERED,NORTH
164,497.0,1992-08-21 04:16:34,SHIPPED,SOUTH
165,394.0,1974-02-01 18:22:49,RETURNED,CENTRAL
166,669.0,1987-07-29 13:19:33,CANCELLED,WEST
167,504.0,2025-04-24 06:36:01,CANCELLED,WEST
168,501.0,1988-01-05 06:44:06,SHIPPED,NORTH
169,579.0,1982-02-09 11:04:25,PLACED,SOUTH
170,300.0,1999-12-25 13:07:39,PLACED,EAST
171,231.0,1974-09-21 21:48:21,RETURNED,EAST
172,173.0,2003-06-18 19:28:02,CANCELLED,CENTRAL
173,508.0,1983-08-28 15:47:22,RETURNED,CENTRAL
174,116.0,2011-07-14 03:15:26,RETURNED,NORTH
175,275.0,1996-09-19 23:34:11,RETURNED,EAST
176,556.0,1982-02-22 04:53:52,PLACED,WEST
177,,2013-12-04 13:42:53,SHIPPED,WEST
178,105.0,2003-06-27 03:36:40,SHIPPED,EAST
179,34.0,1977-05-19 01:17:51,CANCELLED,EAST
180,,1979-10-16 23:20:49,PLACED,WEST
181,121.0,2006-10-16 11:38:27,SHIPPED,SOUTH
182,603.0,2022-04-24 07:46:51,DELIVERED,CENTRAL
183,648.0,1999-05-07 20:46:49,CANCELLED,SOUTH
184,631.0,1984-11-11 00:37:12,SHIPPED,SOUTH
185,212.0,2011-10-13 05:09:33,PLACED,CENTRAL
186,360.0,2013-10-12 06:09:57,RETURNED,EAST
187,612.0,1977-03-25 20:25:05,RETURNED,SOUTH
188,332.0,2000-01-19 13:44:52,DELIVERED,EAST
189,587.0,2018-09-07 08:54:51,DELIVERED,CENTRAL
190,696.0,1987-08-17 09:17:12,PLACED,SOUTH
191,422.0,1977-01-11 05:09:58,PLACED,EAST
192,672.0,1972-05-16 11:20:04,SHIPPED,SOUTH
193,256.0,1974-12-18 10:10:45,SHIPPED,EAST
194,254.0,1974-10-17 02:35:23,CANCELLED,WEST
195,146.0,2008-11-17 20:18:08,RETURNED,EAST
196,643.0,2019-07-06 05:35:19,CANCELLED,WEST
197,463.0,1987-01-20 14:32:42,PLACED,NORTH
198,413.0,2022-11-22 08:01:43,RETURNED,EAST
199,378.0,2000-05-05 11:00:30,CANCELLED,WEST
200,336.0,1971-04-12 09:37:56,RETURNED,NORTH
201,96.0,2003-11-14 10:26:19,CANCELLED,EAST
202,65.0,1980-02-17 19:01:56,RETURNED,WEST
203,224.0,2014-06-06 01:20:17,CANCELLED,SOUTH
204,507.0,2013-07-29 14:52:13,DELIVERED,EAST
205,291.0,1970-01-22 13:33:54,DELIVERED,CENTRAL
206,592.0,1972-07-29 09:49:53,SHIPPED,CENTRAL
207,497.0,2015-03-24 20:49:21,DELIVERED,NORTH
208,48.0,1996-07-28 12:40:27,PLACED,WEST
209,17.0,1988-02-18 07:33:11,PLACED,SOUTH
210,452.0,1980-04-26 05:22:48,CANCELLED,NORTH
211,439.0,21-08-2017,SHIPPED,SOUTH
212,666.0,1992-06-11 23:46:25,DELIVERED,SOUTH
213,281.0,1996-08-18 13:39:23,PLACED,EAST
214,257.0,2009-02-07 18:15:51,PLACED,EAST
215,681.0,1970-04-03 01:22:26,SHIPPED,NORTH
216,406.0,2005-01-26 21:56:14,DELIVERED,SOUTH
217,440.0,2018-02-25 15:12:44,PLACED,NORTH
218,,2022-06-20 01:49:22,SHIPPED,WEST
219,80.0,2003-05-23 21:41:49,SHIPPED,CENTRAL
220,232.0,2002-07-16 05:16:40,RETURNED,WEST
221,10.0,1999-09-04 06:31:46,PLACED,EAST
222,124.0,1997-06-27 07:20:29,CANCELLED,SOUTH
223,490.0,2019-07-11 18:10:31,PLACED,SOUTH
224,393.0,2023-02-22 07:05:05,PLACED,NORTH
225,106.0,2025-04-11 05:17:59,DELIVERED,EAST
226,307.0,2023-06-12 18:26:12,SHIPPED,WEST
227,137.0,1974-10-09 08:05:33,SHIPPED,NORTH
228,544.0,2006-10-03 23:19:51,RETURNED,NORTH
229,625.0,1985-05-15 10:53:28,SHIPPED,WEST
230,,1970-03-24 04:54:59,SHIPPED,SOUTH
231,422.0,1996-02-28 21:46:10,RETURNED,WEST
232,223.0,2016-11-26 16:23:04,PLACED,NORTH
233,144.0,2025-08-30 22:04:52,PLACED,CENTRAL
234,394.0,2023-01-25 18:38:47,DELIVERED,WEST
235,323.0,2002-10-21 19:46:25,SHIPPED,SOUTH
236,284.0,1978-04-01 12:47:43,PLACED,SOUTH
237,567.0,2008-08-07 22:09:28,RETURNED,CENTRAL
238,623.0,2006-06-06 01:18:57,DELIVERED,NORTH
239,,1994-06-04 23:07:19,DELIVERED,SOUTH
240,531.0,09-09-1992,RETURNED,CENTRAL
241,194.0,2016-05-26 02:51:41,CANCELLED,EAST
242,662.0,1990-08-10 19:59:05,PLACED,SOUTH
243,507.0,1997-04-06 08:02:15,CANCELLED,NORTH
244,247.0,1973-10-03 20:54:10,CANCELLED,CENTRAL
245,73.0,2013-01-10 05:15:01,RETURNED,NORTH
246,370.0,2014-01-13 02:55:25,DELIVERED,SOUTH
247,397.0,1976-03-03 12:57:25,RETURNED,WEST
248,375.0,1994-11-11 22:57:45,RETURNED,SOUTH
249,483.0,2006-05-20 05:00:22,PLACED,NORTH
250,602.0,1993-02-21 07:21:30,PLACED,NORTH
251,269.0,1975-06-23 18:20:30,SHIPPED,NORTH
252,62.0,2001-04-12 09:33:12,CANCELLED,CENTRAL
253,294.0,2021-10-01 03:55:55,RETURNED,WEST
254,434.0,2022-02-28 15:53:11,CANCELLED,NORTH
255,656.0,1989-09-24 23:05:01,RETURNED,CENTRAL
256,631.0,2014-01-30 23:19:24,SHIPPED,EAST
257,,1983-10-28 14:04:49,DELIVERED,NORTH
258,524.0,1982-01-07 20:55:27,SHIPPED,SOUTH
259,550.0,2007-09-25 13:30:18,DELIVERED,WEST
260,601.0,1972-09-04 13:57:42,PLACED,EAST
261,448.0,1996-02-22 10:33:24,SHIPPED,NORTH
262,251.0,2014-12-18 15:14:10,PLACED,WEST
263,119.0,1982-12-31 09:49:21,CANCELLED,CENTRAL
264,624.0,1990-05-04 11:06:10,PLACED,EAST
265,683.0,2017-05-10 05:56:55,SHIPPED,NORTH
266,13.0,1996-07-19 02:31:53,SHIPPED,NORTH
267,168.0,1977-04-07 17:36:12,CANCELLED,EAST
268,536.0,2012-11-30 01:43:35,RETURNED,EAST
269,171.0,16-11-2016,DELIVERED,SOUTH
270,276.0,1994-06-13 11:36:19,PLACED,NORTH
271,344.0,2003-02-09 02:40:15,CANCELLED,EAST
272,537.0,1975-10-11 06:26:24,PLACED,EAST
273,591.0,2013-01-23 02:41:39,PLACED,WEST
274,467.0,1999-10-22 03:28:53,RETURNED,EAST
275,57.0,2020-01-15 13:57:43,CANCELLED,CENTRAL
276,171.0,1982-11-23 03:58:35,DELIVERED,SOUTH
277,,1979-07-11 07:13:21,PLACED,CENTRAL
278,691.0,1972-06-06 06:51:43,PLACED,SOUTH
279,522.0,1983-02-21 08:17:38,PLACED,NORTH
280,13.0,1971-09-23 10:34:33,SHIPPED,NORTH
281,484.0,2018-12-24 05:03:23,DELIVERED,WEST
282,154.0,2010-05-08 17:43:30,SHIPPED,NORTH
283,567.0,1986-03-25 13:55:19,CANCELLED,SOUTH
284,330.0,2003-04-17 22:35:04,SHIPPED,WEST
285,328.0,1996-06-15 20:52:00,DELIVERED,NORTH
286,586.0,1974-04-15 16:33:55,DELIVERED,NORTH
287,515.0,2023-12-12 15:20:01,PLACED,SOUTH
288,229.0,2006-10-14 11:51:14,RETURNED,NORTH
289,411.0,2013-10-13 23:36:29,PLACED,WEST
290,290.0,1990-12-10 16:37:12,DELIVERED,EAST
291,89.0,2004-01-02 17:12:25,RETURNED,WEST
292,9.0,2006-05-03 03:38:35,DELIVERED,SOUTH
293,299.0,2025-03-29 20:29:20,RETURNED,EAST
294,638.0,2000-07-29 14:13:37,SHIPPED,WEST
295,378.0,1971-02-13 01:53:20,RETURNED,WEST
296,201.0,1972-07-09 16:49:16,RETURNED,SOUTH
297,155.0,1993-02-01 23:27:01,PLACED,WEST
298,,1973-10-25 05:47:01,SHIPPED,CENTRAL
299,355.0,1992-12-25 00:59:29,PLACED,EAST
300,2.0,2023-08-11 08:11:52,CANCELLED,EAST
301,107.0,2019-01-24 20:24:28,SHIPPED,CENTRAL
302,244.0,1972-11-30 03:51:48,CANCELLED,WEST
303,62.0,1997-08-05 22:51:28,SHIPPED,EAST
304,,1978-01-16 13:21:33,PLACED,SOUTH
305,533.0,1984-05-28 06:56:48,CANCELLED,EAST
306,470.0,2024-12-03 16:06:44,PLACED,CENTRAL
307,98.0,2014-06-30 12:40:46,RETURNED,SOUTH
308,653.0,2015-05-31 05:45:00,CANCELLED,NORTH
309,607.0,2005-08-07 05:01:19,RETURNED,NORTH
310,446.0,2001-03-11 20:34:14,SHIPPED,SOUTH
311,299.0,2016-02-22 17:10:33,DELIVERED,EAST
312,403.0,2006-07-07 07:20:31,DELIVERED,EAST
313,,1980-02-20 06:17:58,DELIVERED,SOUTH
314,77.0,2020-06-05 22:26:11,SHIPPED,SOUTH
315,599.0,2009-06-04 17:10:42,PLACED,SOUTH
316,109.0,1985-11-08 21:21:33,SHIPPED,WEST
317,478.0,1974-11-26 09:38:34,DELIVERED,WEST
318,124.0,1972-07-05 14:23:10,RETURNED,EAST
319,213.0,2020-01-18 22:48:54,CANCELLED,EAST
320,475.0,1979-08-21 06:00:31,DELIVERED,NORTH
321,93.0,2003-04-09 13:03:12,SHIPPED,EAST
322,618.0,2014-06-30 01:41:55,PLACED,SOUTH
323,336.0,1971-04-19 19:31:33,SHIPPED,NORTH
324,255.0,2002-01-25 05:27:32,DELIVERED,WEST
325,526.0,2012-01-30 17:19:06,PLACED,EAST
326,267.0,1973-02-12 09:46:35,SHIPPED,NORTH
327,415.0,1986-07-07 21:46:45,CANCELLED,CENTRAL
328,564.0,2017-09-21 19:50:29,SHIPPED,NORTH
329,474.0,2014-02-24 16:10:26,PLACED,SOUTH
330,125.0,1978-11-19 12:47:35,PLACED,NORTH
331,228.0,24-12-1970,SHIPPED,SOUTH
332,411.0,21-09-1981,DELIVERED,NORTH
333,597.0,2013-01-19 21:15:34,RETURNED,EAST
334,77.0,1973-05-26 17:06:10,PLACED,NORTH
335,203.0,1990-11-30 21:51:37,CANCELLED,SOUTH
336,95.0,2025-11-07 14:00:57,DELIVERED,NORTH
337,44.0,2024-01-05 10:45:53,CANCELLED,NORTH
338,173.0,1976-08-15 05:04:52,RETURNED,WEST
339,405.0,2001-01-16 12:42:24,CANCELLED,NORTH
340,392.0,2011-08-06 02:26:53,CANCELLED,SOUTH
341,,1981-08-13 12:11:10,SHIPPED,SOUTH
342,282.0,2010-03-22 10:34:41,DELIVERED,WEST
343,153.0,1974-05-09 16:12:05,PLACED,CENTRAL
344,635.0,2025-08-26 12:48:27,RETURNED,SOUTH
345,663.0,2025-08-18 08:05:19,DELIVERED,WEST
346,422.0,1977-03-27 21:01:52,RETURNED,WEST
347,63.0,1977-10-08 22:50:00,PLACED,EAST
348,393.0,2003-10-31 13:38:45,SHIPPED,WEST
349,205.0,2010-06-28 05:50:49,RETURNED,SOUTH
350,646.0,2024-05-20 14:35:13,RETURNED,NORTH
351,392.0,2011-11-23 12:43:14,DELIVERED,WEST
352,,1985-01-04 08:38:16,CANCELLED,EAST
353,580.0,1974-04-18 14:38:51,RETURNED,EAST
354,398.0,2024-09-28 19:13:33,DELIVERED,SOUTH
355,27.0,1983-10-16 16:09:00,DELIVERED,CENTRAL
356,225.0,1999-01-02 13:02:35,PLACED,EAST
357,60.0,1992-12-15 17:00:15,CANCELLED,CENTRAL
358,367.0,2025-03-23 11:08:59,RETURNED,SOUTH
359,164.0,2020-03-20 07:26:17,PLACED,SOUTH
360,673.0,2016-03-01 16:04:16,SHIPPED,EAST
361,547.0,1997-05-10 23:28:36,PLACED,SOUTH
362,590.0,1992-01-24 21:40:44,CANCELLED,EAST
363,178.0,1978-03-22 13:27:36,SHIPPED,SOUTH
364,607.0,2016-07-21 02:37:02,DELIVERED,EAST
365,606.0,2009-03-12 17:42:11,PLACED,EAST
366,582.0,2007-02-24 00:58:00,RETURNED,SOUTH
367,577.0,1979-05-07 08:10:55,SHIPPED,WEST
368,556.0,1991-11-20 03:50:19,DELIVERED,SOUTH
369,503.0,2023-12-21 15:34:26,PLACED,NORTH
370,58.0,1984-07-05 21:44:34,SHIPPED,CENTRAL
371,225.0,2022-01-02 23:41:27,PLACED,CENTRAL
372,490.0,1973-02-07 01:26:01,PLACED,EAST
373,629.0,2010-05-12 05:08:00,SHIPPED,SOUTH
374,349.0,1981-10-21 01:33:18,SHIPPED,EAST
375,61.0,1992-10-30 23:46:18,PLACED,SOUTH
376,601.0,1974-04-21 09:19:42,SHIPPED,NORTH
377,539.0,1978-03-21 03:29:33,DELIVERED,NORTH
378,383.0,1988-08-21 15:45:15,CANCELLED,CENTRAL
379,104.0,1979-08-12 11:02:05,DELIVERED,EAST
380,,2021-07-21 00:13:49,SHIPPED,SOUTH
381,448.0,1998-04-02 17:12:15,CANCELLED,EAST
382,179.0,1981-06-08 22:14:11,RETURNED,CENTRAL
383,366.0,2017-05-20 12:36:53,SHIPPED,CENTRAL
384,,1995-03-05 14:15:22,CANCELLED,EAST
385,302.0,2007-08-30 00:34:14,SHIPPED,SOUTH
386,,1981-03-25 05:59:16,RETURNED,WEST
387,582.0,1999-11-07 23:36:17,PLACED,SOUTH
388,617.0,1986-07-31 19:40:01,DELIVERED,CENTRAL
389,227.0,2009-08-09 08:03:22,RETURNED,NORTH
390,509.0,1972-10-08 13:50:22,SHIPPED,EAST
391,,1979-01-28 22:49:45,SHIPPED,EAST
392,328.0,1976-10-20 17:08:39,SHIPPED,NORTH
393,687.0,2023-10-31 17:04:24,DELIVERED,WEST
394,12.0,08-01-2013,DELIVERED,SOUTH
395,256.0,2011-09-05 07:35:21,PLACED,EAST
396,263.0,1995-08-06 18:54:41,PLACED,NORTH
397,50.0,2022-12-02 21:14:12,CANCELLED,WEST
398,430.0,1980-09-25 23:43:35,SHIPPED,WEST
399,505.0,1971-01-24 11:50:56,CANCELLED,EAST
400,560.0,2003-02-20 15:24:55,CANCELLED,NORTH
401,491.0,1975-06-30 08:54:41,RETURNED,SOUTH
402,167.0,1970-06-07 19:40:19,CANCELLED,NORTH
403,35.0,1970-06-29 13:16:59,DELIVERED,NORTH
404,327.0,1982-03-18 07:56:15,DELIVERED,NORTH
405,76.0,1976-01-25 14:49:09,DELIVERED,SOUTH
406,385.0,2018-02-04 03:34:30,SHIPPED,NORTH
407,561.0,2014-05-09 11:28:16,PLACED,EAST
408,609.0,2010-05-28 06:03:07,RETURNED,WEST
409,32.0,1989-04-23 04:27:37,CANCELLED,SOUTH
410,622.0,1998-04-29 06:14:16,CANCELLED,SOUTH
411,55.0,2017-03-12 02:58:07,PLACED,EAST
412,211.0,2024-12-11 07:54:01,SHIPPED,WEST
413,,2023-11-30 05:59:29,RETURNED,EAST
414,677.0,2022-07-29 03:36:30,DELIVERED,EAST
415,244.0,2002-05-24 08:29:55,PLACED,NORTH
416,403.0,2017-02-11 15:50:07,RETURNED,CENTRAL
417,503.0,1978-08-20 22:16:42,SHIPPED,NORTH
418,370.0,1984-01-12 03:21:49,PLACED,WEST
419,90.0,1979-09-27 11:14:06,DELIVERED,CENTRAL
420,492.0,2013-07-16 22:54:04,SHIPPED,NORTH
421,27.0,1988-06-09 11:49:08,SHIPPED,SOUTH
422,654.0,2005-08-06 09:28:07,DELIVERED,NORTH
423,485.0,2000-08-26 05:28:40,PLACED,EAST
424,408.0,1998-01-15 02:15:38,CANCELLED,WEST
425,677.0,1986-04-13 16:25:26,DELIVERED,NORTH
426,658.0,1981-11-17 10:29:43,RETURNED,WEST
427,190.0,2011-07-20 00:05:45,DELIVERED,WEST
428,379.0,2017-01-25 15:21:23,SHIPPED,WEST
429,,1972-07-24 01:55:38,DELIVERED,WEST
430,477.0,2010-07-30 10:05:13,DELIVERED,SOUTH
431,276.0,1982-04-01 22:27:43,RETURNED,NORTH
432,155.0,2018-10-22 01:43:17,PLACED,NORTH
433,,2004-01-07 18:35:15,DELIVERED,CENTRAL
434,424.0,2011-08-26 13:56:15,RETURNED,SOUTH
435,567.0,1975-12-28 18:41:06,PLACED,WEST
436,536.0,2012-09-05 22:23:31,CANCELLED,CENTRAL
437,487.0,2026-03-30 08:40:03,RETURNED,SOUTH
438,488.0,2023-04-04 04:57:41,DELIVERED,NORTH
439,405.0,1990-07-01 08:39:28,PLACED,CENTRAL
440,585.0,1993-09-02 22:44:03,RETURNED,CENTRAL
441,694.0,1998-07-01 23:30:18,RETURNED,SOUTH
442,124.0,1970-04-24 14:08:15,CANCELLED,SOUTH
443,172.0,2007-12-14 23:12:50,SHIPPED,SOUTH
444,130.0,1986-01-13 20:08:37,PLACED,WEST
445,81.0,1983-01-22 18:31:11,CANCELLED,SOUTH
446,643.0,1977-12-30 16:08:34,SHIPPED,CENTRAL
447,265.0,2006-01-30 04:01:58,DELIVERED,NORTH
448,90.0,1976-07-06 05:38:26,CANCELLED,CENTRAL
449,407.0,2012-02-13 08:43:23,RETURNED,EAST
450,283.0,18-08-1994,RETURNED,WEST
451,13.0,2021-10-17 22:40:36,RETURNED,CENTRAL
452,536.0,2006-09-23 21:12:23,CANCELLED,NORTH
453,425.0,2004-07-15 23:51:14,SHIPPED,SOUTH
454,581.0,1984-12-03 03:18:30,RETURNED,CENTRAL
455,103.0,2001-08-04 03:38:04,PLACED,CENTRAL
456,104.0,2022-06-03 16:30:24,DELIVERED,CENTRAL
457,353.0,2012-08-18 20:28:35,CANCELLED,EAST
458,393.0,2014-11-13 15:58:16,CANCELLED,CENTRAL
459,624.0,1984-02-29 13:40:40,CANCELLED,NORTH
460,177.0,1988-10-23 14:52:59,DELIVERED,WEST
461,148.0,1973-08-12 00:54:17,RETURNED,CENTRAL
462,698.0,1983-03-08 21:52:51,CANCELLED,NORTH
463,406.0,1977-09-01 15:42:41,DELIVERED,SOUTH
464,51.0,2024-03-17 22:08:49,CANCELLED,EAST
465,382.0,1980-02-26 19:39:15,PLACED,EAST
466,311.0,2016-08-18 19:49:16,DELIVERED,EAST
467,504.0,2002-04-14 14:16:52,PLACED,SOUTH
468,138.0,2003-11-09 19:09:45,DELIVERED,WEST
469,329.0,1981-12-31 13:15:20,DELIVERED,WEST
470,620.0,1980-11-14 20:18:32,PLACED,SOUTH
471,453.0,2015-08-09 11:38:56,SHIPPED,WEST
472,497.0,1972-12-07 15:27:34,RETURNED,EAST
473,58.0,1973-09-04 20:43:31,RETURNED,SOUTH
474,68.0,2013-11-19 02:28:17,DELIVERED,CENTRAL
475,414.0,14-10-1994,SHIPPED,CENTRAL
476,583.0,26-05-1989,PLACED,SOUTH
477,198.0,1984-04-06 09:09:33,SHIPPED,NORTH
478,256.0,1999-07-31 19:44:15,PLACED,WEST
479,52.0,1987-02-09 03:04:31,DELIVERED,SOUTH
480,281.0,1992-09-30 22:30:45,DELIVERED,WEST
481,518.0,2011-12-23 03:04:29,CANCELLED,NORTH
482,698.0,2024-10-16 04:52:31,PLACED,SOUTH
483,382.0,2021-08-11 08:00:28,CANCELLED,CENTRAL
484,457.0,2000-11-02 01:05:29,SHIPPED,WEST
485,601.0,1972-12-12 15:53:06,RETURNED,EAST
486,353.0,1977-02-08 09:36:39,SHIPPED,EAST
487,93.0,2020-05-21 03:52:33,DELIVERED,NORTH
488,396.0,1973-07-27 19:33:53,PLACED,SOUTH
489,586.0,2006-07-27 04:06:38,SHIPPED,SOUTH
490,663.0,1981-12-20 17:02:41,SHIPPED,SOUTH
491,276.0,1980-10-03 05:52:46,CANCELLED,CENTRAL
492,21.0,2023-06-15 12:14:27,PLACED,WEST
493,136.0,1971-12-24 10:04:55,SHIPPED,CENTRAL
494,9.0,2003-01-04 06:23:35,SHIPPED,EAST
495,623.0,2005-01-15 00:01:55,DELIVERED,EAST
496,,1977-11-24 19:31:12,CANCELLED,EAST
497,,1974-10-28 05:20:03,DELIVERED,SOUTH
498,478.0,1986-01-05 09:48:52,DELIVERED,CENTRAL
499,639.0,2019-02-03 13:42:02,CANCELLED,CENTRAL
500,105.0,2000-04-09 01:59:50,PLACED,CENTRAL
501,679.0,2010-05-02 19:17:51,DELIVERED,CENTRAL
502,663.0,2009-06-15 01:22:09,RETURNED,CENTRAL
503,290.0,1992-03-08 02:03:34,DELIVERED,NORTH
504,494.0,1998-07-08 22:46:08,PLACED,EAST
505,284.0,1983-07-11 23:49:31,DELIVERED,EAST
506,268.0,2020-11-02 22:36:21,DELIVERED,SOUTH
507,154.0,2016-01-23 06:16:04,RETURNED,SOUTH
508,59.0,1992-02-29 22:38:43,RETURNED,WEST
509,677.0,1985-08-28 06:03:50,DELIVERED,SOUTH
510,27.0,2023-01-04 12:51:16,CANCELLED,EAST
511,266.0,1977-06-30 08:48:57,CANCELLED,WEST
512,398.0,1992-03-12 01:26:59,PLACED,CENTRAL
513,586.0,1985-07-02 13:17:39,SHIPPED,EAST
514,228.0,1976-09-03 09:32:14,RETURNED,WEST
515,688.0,1986-02-19 14:36:45,DELIVERED,CENTRAL
516,308.0,2020-03-15 19:44:36,SHIPPED,CENTRAL
517,186.0,1998-01-29 02:46:25,DELIVERED,NORTH
518,483.0,1983-08-10 22:18:01,SHIPPED,EAST
519,573.0,1995-07-22 21:47:43,SHIPPED,EAST
520,671.0,1985-01-06 14:27:58,PLACED,SOUTH
521,364.0,1975-01-02 14:10:59,SHIPPED,EAST
522,431.0,2002-01-19 12:37:54,DELIVERED,EAST
523,267.0,2009-10-25 13:07:34,RETURNED,EAST
524,475.0,2002-12-19 00:27:30,PLACED,WEST
525,55.0,1973-09-12 14:41:17,RETURNED,CENTRAL
526,636.0,1999-08-30 11:38:16,PLACED,WEST
527,200.0,1979-11-12 12:50:15,RETURNED,NORTH
528,698.0,1984-09-16 19:32:29,CANCELLED,CENTRAL
529,306.0,2011-06-22 13:16:30,CANCELLED,NORTH
530,155.0,2000-12-17 20:37:40,SHIPPED,SOUTH
531,351.0,1982-02-12 17:23:02,CANCELLED,CENTRAL
532,,1996-05-11 03:31:43,SHIPPED,EAST
533,185.0,1995-06-02 00:31:44,PLACED,WEST
534,341.0,1979-04-14 08:31:20,SHIPPED,EAST
535,650.0,2001-02-24 04:39:37,PLACED,NORTH
536,463.0,2018-12-26 06:04:57,DELIVERED,SOUTH
537,173.0,1983-03-19 17:55:16,RETURNED,SOUTH
538,502.0,2013-01-03 23:17:00,PLACED,SOUTH
539,630.0,1994-05-27 19:22:38,CANCELLED,WEST
540,414.0,1988-05-09 07:03:18,CANCELLED,WEST
541,393.0,1983-10-05 23:29:46,PLACED,NORTH
542,547.0,1992-11-09 14:59:20,SHIPPED,EAST
543,,1978-08-28 20:46:39,DELIVERED,CENTRAL
544,196.0,1972-03-08 17:10:20,PLACED,NORTH
545,642.0,2017-02-07 23:39:51,SHIPPED,SOUTH
546,353.0,2008-09-12 06:23:04,DELIVERED,SOUTH
547,106.0,1974-01-22 15:38:21,CANCELLED,CENTRAL
548,603.0,1989-02-04 10:54:01,DELIVERED,SOUTH
549,67.0,16-04-1979,PLACED,EAST
550,298.0,1977-07-24 15:15:28,CANCELLED,CENTRAL
551,611.0,2001-09-05 22:01:26,RETURNED,EAST
552,445.0,2001-03-17 00:59:03,SHIPPED,EAST
553,502.0,1998-06-18 00:13:55,DELIVERED,SOUTH
554,169.0,1981-08-26 05:33:44,CANCELLED,NORTH
555,234.0,2021-09-28 08:13:49,SHIPPED,SOUTH
556,217.0,1993-05-19 15:04:16,PLACED,CENTRAL
557,517.0,1984-12-17 11:45:31,SHIPPED,NORTH
558,376.0,1990-02-01 06:42:02,PLACED,WEST
559,656.0,2011-01-29 10:53:31,DELIVERED,CENTRAL
560,639.0,1980-09-01 23:45:26,PLACED,CENTRAL
561,50.0,2023-09-24 07:06:33,PLACED,NORTH
562,50.0,2024-01-27 00:43:19,PLACED,WEST
563,455.0,2013-06-01 13:21:16,CANCELLED,NORTH
564,561.0,2011-08-13 14:42:55,DELIVERED,WEST
565,157.0,1981-07-25 18:27:49,SHIPPED,NORTH
566,309.0,2009-05-05 06:52:31,CANCELLED,NORTH
567,679.0,2007-08-13 19:34:48,RETURNED,EAST
568,638.0,1985-08-19 06:45:30,RETURNED,SOUTH
569,429.0,1975-11-20 07:56:51,PLACED,CENTRAL
570,633.0,1998-01-06 18:18:51,PLACED,EAST
571,117.0,2005-07-04 15:12:07,PLACED,WEST
572,204.0,2003-04-17 11:09:25,RETURNED,SOUTH
573,270.0,1984-09-23 17:02:37,RETURNED,SOUTH
574,367.0,2010-04-04 19:44:05,CANCELLED,EAST
575,165.0,2002-03-22 15:11:11,PLACED,CENTRAL
576,509.0,2001-06-29 00:49:55,SHIPPED,WEST
577,339.0,1988-12-30 19:54:56,SHIPPED,NORTH
578,14.0,1970-12-27 11:53:15,PLACED,NORTH
579,588.0,2019-09-05 16:33:16,CANCELLED,SOUTH
580,93.0,1999-02-18 17:46:51,RETURNED,NORTH
581,104.0,2020-02-05 19:47:28,DELIVERED,SOUTH
582,468.0,1986-10-14 14:56:53,DELIVERED,EAST
583,476.0,1986-11-12 21:12:55,PLACED,NORTH
584,179.0,1992-04-09 23:38:13,PLACED,EAST
585,369.0,1999-07-21 07:27:01,DELIVERED,WEST
586,119.0,2009-06-07 17:32:52,PLACED,NORTH
587,10.0,1985-02-18 22:42:38,SHIPPED,SOUTH
588,337.0,2010-04-09 13:31:39,DELIVERED,WEST
589,637.0,1980-02-20 15:53:15,DELIVERED,NORTH
590,382.0,15-01-2009,DELIVERED,SOUTH
591,117.0,1970-05-07 04:53:36,CANCELLED,WEST
592,468.0,1998-06-06 18:37:00,DELIVERED,WEST
593,490.0,1973-01-04 04:45:45,CANCELLED,SOUTH
594,116.0,1972-09-22 15:55:56,SHIPPED,NORTH
595,164.0,2002-01-11 03:13:45,PLACED,WEST
596,605.0,30-11-2019,CANCELLED,CENTRAL
597,695.0,2022-04-21 19:34:12,CANCELLED,SOUTH
598,626.0,2004-04-24 08:45:29,CANCELLED,EAST
599,627.0,1972-04-15 15:26:28,PLACED,SOUTH
600,495.0,1998-12-20 18:32:15,CANCELLED,NORTH
601,422.0,22-02-2006,CANCELLED,NORTH
602,65.0,1996-10-31 21:08:14,DELIVERED,EAST
603,13.0,2002-08-13 07:17:45,RETURNED,CENTRAL
604,,2025-02-06 14:42:56,SHIPPED,EAST
605,532.0,2024-04-21 19:59:18,RETURNED,CENTRAL
606,98.0,2017-05-29 10:00:11,CANCELLED,SOUTH
607,494.0,2025-11-21 07:21:25,DELIVERED,WEST
608,153.0,1976-09-01 18:48:09,RETURNED,CENTRAL
609,56.0,2000-10-15 11:47:18,PLACED,SOUTH
610,518.0,2003-09-15 09:02:15,CANCELLED,WEST
611,170.0,1986-05-14 22:41:45,PLACED,WEST
612,329.0,1975-08-28 06:01:22,SHIPPED,EAST
613,285.0,2008-01-03 06:26:56,PLACED,CENTRAL
614,229.0,2021-03-31 20:56:22,RETURNED,WEST
615,413.0,1970-11-05 18:36:08,SHIPPED,NORTH
616,471.0,2017-03-03 13:56:57,CANCELLED,CENTRAL
617,,2019-10-19 15:31:17,PLACED,WEST
618,458.0,1997-09-02 13:07:57,DELIVERED,NORTH
619,510.0,1984-11-01 13:56:11,PLACED,NORTH
620,,1979-01-12 13:47:32,CANCELLED,NORTH
621,,1994-05-23 05:19:00,RETURNED,NORTH
622,94.0,1990-02-16 21:51:45,RETURNED,CENTRAL
623,653.0,1986-04-08 22:16:18,DELIVERED,CENTRAL
624,576.0,2014-01-27 04:25:27,SHIPPED,WEST
625,350.0,1976-03-05 02:15:39,DELIVERED,NORTH
626,229.0,1971-01-31 22:42:43,CANCELLED,EAST
627,574.0,2002-08-26 01:40:37,RETURNED,CENTRAL
628,485.0,2015-07-12 23:17:12,DELIVERED,WEST
629,117.0,1990-09-29 18:07:07,PLACED,SOUTH
630,3.0,1981-01-04 15:08:49,DELIVERED,EAST
631,649.0,2017-11-10 17:28:09,DELIVERED,CENTRAL
632,535.0,2001-04-03 12:53:01,DELIVERED,NORTH
633,47.0,2008-10-24 21:23:51,SHIPPED,WEST
634,144.0,2020-11-07 21:52:35,CANCELLED,NORTH
635,261.0,2009-09-19 22:49:19,RETURNED,SOUTH
636,193.0,1971-08-30 19:12:15,PLACED,WEST
637,221.0,2000-12-14 03:06:14,CANCELLED,SOUTH
638,347.0,2001-07-23 19:59:53,PLACED,WEST
639,48.0,2022-07-11 01:31:07,RETURNED,NORTH
640,462.0,1979-06-08 12:23:06,CANCELLED,CENTRAL
641,517.0,2017-11-06 12:17:52,SHIPPED,WEST
642,5.0,1997-08-02 06:53:01,RETURNED,NORTH
643,567.0,1982-08-02 20:25:36,CANCELLED,CENTRAL
644,495.0,2023-10-02 01:04:30,RETURNED,SOUTH
645,593.0,1995-03-17 20:24:39,SHIPPED,SOUTH
646,107.0,2012-08-27 11:18:03,CANCELLED,CENTRAL
647,621.0,06-08-2001,DELIVERED,CENTRAL
648,394.0,2017-11-25 13:56:04,CANCELLED,CENTRAL
649,255.0,2013-02-07 07:11:41,DELIVERED,WEST
650,352.0,1970-02-03 21:26:44,DELIVERED,WEST
651,137.0,2012-09-08 18:01:30,SHIPPED,WEST
652,617.0,1974-10-24 05:21:14,RETURNED,EAST
653,561.0,1996-03-11 05:25:35,DELIVERED,CENTRAL
654,648.0,2017-01-02 16:48:20,SHIPPED,SOUTH
655,215.0,1992-08-27 10:14:45,RETURNED,EAST
656,354.0,2006-02-17 02:18:53,SHIPPED,SOUTH
657,516.0,1972-03-24 02:46:00,RETURNED,EAST
658,119.0,1990-03-08 18:49:02,DELIVERED,CENTRAL
659,492.0,1998-12-25 20:35:17,RETURNED,CENTRAL
660,684.0,2021-03-27 03:11:28,CANCELLED,CENTRAL
661,293.0,1988-05-11 15:37:58,CANCELLED,NORTH
662,536.0,2017-07-03 06:01:00,PLACED,NORTH
663,391.0,2011-09-06 19:13:19,SHIPPED,NORTH
664,687.0,2006-11-30 07:08:44,PLACED,SOUTH
665,274.0,2009-02-22 09:40:55,SHIPPED,EAST
666,700.0,2024-01-24 21:02:19,DELIVERED,SOUTH
667,64.0,1984-02-05 15:39:26,DELIVERED,SOUTH
668,555.0,2023-08-09 04:29:15,PLACED,EAST
669,464.0,2016-08-04 10:41:29,PLACED,CENTRAL
670,692.0,1975-07-06 05:56:54,RETURNED,SOUTH
671,663.0,2012-03-22 11:56:50,RETURNED,WEST
672,244.0,1992-11-04 17:40:16,RETURNED,EAST
673,681.0,2020-01-26 10:24:10,PLACED,WEST
674,397.0,1973-09-24 08:26:09,CANCELLED,EAST
675,566.0,2005-01-10 20:16:08,PLACED,NORTH
676,258.0,2015-11-29 14:10:08,SHIPPED,CENTRAL
677,454.0,1994-10-09 00:48:08,SHIPPED,EAST
678,603.0,1973-07-05 14:16:43,RETURNED,CENTRAL
679,202.0,1977-07-21 02:07:20,SHIPPED,EAST
680,460.0,1996-01-23 09:33:08,SHIPPED,NORTH
681,192.0,1994-11-17 19:26:38,SHIPPED,CENTRAL
682,123.0,2001-09-01 09:48:05,CANCELLED,NORTH
683,439.0,2012-02-18 15:29:23,DELIVERED,CENTRAL
684,271.0,12-10-1972,SHIPPED,SOUTH
685,599.0,1994-11-17 07:40:54,DELIVERED,NORTH
686,339.0,1994-12-08 17:47:57,CANCELLED,SOUTH
687,41.0,1981-12-05 07:04:47,SHIPPED,EAST
688,612.0,2014-02-09 10:02:57,PLACED,CENTRAL
689,678.0,2008-01-10 19:29:21,DELIVERED,WEST
690,587.0,2017-12-19 17:31:07,RETURNED,EAST
691,75.0,1974-07-24 10:35:05,DELIVERED,CENTRAL
692,226.0,2008-02-28 17:18:02,SHIPPED,CENTRAL
693,70.0,2018-04-09 16:04:49,RETURNED,SOUTH
694,426.0,2022-08-23 07:46:04,RETURNED,CENTRAL
695,414.0,07-12-1983,PLACED,EAST
696,227.0,1979-06-03 02:16:35,SHIPPED,EAST
697,340.0,1992-10-16 17:20:15,DELIVERED,EAST
698,224.0,1986-03-29 05:57:16,RETURNED,CENTRAL
699,487.0,2006-09-21 16:07:08,RETURNED,NORTH
700,,1977-09-23 11:47:35,DELIVERED,WEST
701,247.0,2014-03-02 22:29:07,RETURNED,CENTRAL
702,250.0,2002-07-25 00:28:08,PLACED,EAST
703,391.0,2020-03-06 16:20:19,PLACED,WEST
704,263.0,2021-03-11 22:47:37,RETURNED,EAST
705,26.0,23-06-2009,RETURNED,EAST
706,527.0,2017-10-30 06:32:57,RETURNED,WEST
707,499.0,1984-04-11 10:58:42,PLACED,EAST
708,668.0,2021-04-03 05:29:29,SHIPPED,EAST
709,527.0,2020-09-12 11:46:45,PLACED,NORTH
710,172.0,2021-10-11 22:07:16,RETURNED,CENTRAL
711,8.0,05-05-1985,PLACED,SOUTH
712,687.0,1991-10-23 04:06:45,SHIPPED,WEST
713,107.0,1994-01-01 16:42:21,SHIPPED,CENTRAL
714,446.0,1988-03-12 05:10:11,PLACED,SOUTH
715,25.0,2004-04-08 04:48:00,CANCELLED,EAST
716,39.0,2016-04-16 03:03:21,PLACED,NORTH
717,56.0,1998-10-12 23:02:56,SHIPPED,EAST
718,572.0,1988-11-10 11:38:04,PLACED,CENTRAL
719,234.0,1973-09-15 14:39:17,DELIVERED,WEST
720,398.0,1974-04-25 01:11:23,CANCELLED,WEST
721,444.0,1995-05-16 08:04:56,DELIVERED,NORTH
722,399.0,1993-06-29 15:40:42,PLACED,CENTRAL
723,7.0,2000-10-14 17:27:59,RETURNED,NORTH
724,600.0,2003-02-02 05:38:52,PLACED,NORTH
725,367.0,2004-02-15 14:38:01,RETURNED,NORTH
726,297.0,2005-11-03 18:24:20,DELIVERED,CENTRAL
727,89.0,2026-06-14 19:42:55,DELIVERED,WEST
728,391.0,1978-05-08 23:01:44,CANCELLED,NORTH
729,486.0,2001-12-29 23:39:41,SHIPPED,CENTRAL
730,226.0,2018-04-21 19:16:34,SHIPPED,WEST
731,559.0,2006-03-13 13:22:44,DELIVERED,SOUTH
732,306.0,2016-02-28 10:39:21,DELIVERED,NORTH
733,567.0,2026-03-02 21:45:40,RETURNED,SOUTH
734,127.0,2006-04-06 04:39:49,PLACED,NORTH
735,587.0,1989-11-21 06:28:42,RETURNED,WEST
736,551.0,2000-10-03 23:36:25,RETURNED,NORTH
737,313.0,2012-04-03 19:51:43,SHIPPED,EAST
738,217.0,20-01-1995,CANCELLED,CENTRAL
739,,2024-06-07 17:14:38,SHIPPED,SOUTH
740,227.0,2015-10-27 02:57:26,RETURNED,EAST
741,199.0,2017-03-05 03:40:38,PLACED,SOUTH
742,688.0,2025-01-14 17:31:47,RETURNED,NORTH
743,563.0,1974-06-20 04:23:11,CANCELLED,CENTRAL
744,75.0,1982-10-26 13:17:15,DELIVERED,NORTH
745,257.0,2001-02-27 12:33:14,PLACED,SOUTH
746,595.0,1975-12-11 01:41:58,CANCELLED,EAST
747,366.0,1975-06-16 15:30:30,SHIPPED,SOUTH
748,103.0,1996-08-02 11:11:26,DELIVERED,CENTRAL
749,72.0,1982-03-03 09:24:24,SHIPPED,EAST
750,498.0,1989-08-16 13:00:16,CANCELLED,EAST
751,632.0,1975-03-28 12:51:33,DELIVERED,CENTRAL
752,157.0,1977-06-11 06:43:06,RETURNED,CENTRAL
753,374.0,1981-03-19 06:52:37,DELIVERED,WEST
754,173.0,1988-10-11 14:15:12,PLACED,EAST
755,253.0,1977-08-16 09:15:49,SHIPPED,WEST
756,284.0,2017-06-09 01:40:46,DELIVERED,SOUTH
757,696.0,1980-01-26 10:01:31,DELIVERED,WEST
758,474.0,2003-10-11 07:37:21,CANCELLED,EAST
759,313.0,1980-03-29 15:35:40,CANCELLED,CENTRAL
760,112.0,1983-11-25 19:32:43,SHIPPED,CENTRAL
761,84.0,2005-06-07 18:16:29,DELIVERED,SOUTH
762,552.0,2012-09-08 00:49:42,SHIPPED,EAST
763,642.0,1971-07-18 23:16:31,PLACED,NORTH
764,20.0,1989-12-13 18:23:07,RETURNED,NORTH
765,596.0,1998-05-07 01:47:36,RETURNED,WEST
766,605.0,2016-06-09 05:28:09,SHIPPED,NORTH
767,565.0,2006-11-05 10:31:44,DELIVERED,CENTRAL
768,553.0,1978-12-26 13:23:31,CANCELLED,SOUTH
769,375.0,2002-04-01 23:17:41,CANCELLED,SOUTH
770,604.0,1993-08-05 06:45:05,DELIVERED,SOUTH
771,476.0,1998-08-04 09:17:20,RETURNED,CENTRAL
772,93.0,2000-03-16 04:50:04,CANCELLED,EAST
773,515.0,2020-03-14 20:42:23,PLACED,SOUTH
774,629.0,2013-11-14 17:15:00,SHIPPED,CENTRAL
775,144.0,1971-06-18 22:41:20,CANCELLED,SOUTH
776,184.0,1989-11-02 16:32:33,RETURNED,CENTRAL
777,676.0,1982-11-13 03:04:38,SHIPPED,WEST
778,368.0,1974-04-14 14:50:55,PLACED,SOUTH
779,500.0,1971-07-02 17:21:13,SHIPPED,NORTH
780,271.0,2024-07-29 13:08:10,DELIVERED,SOUTH
781,44.0,1985-10-23 13:05:19,SHIPPED,CENTRAL
782,370.0,2005-05-12 05:41:34,CANCELLED,WEST
783,466.0,2013-11-14 09:50:48,PLACED,NORTH
784,665.0,1992-11-09 06:39:17,DELIVERED,NORTH
785,534.0,1998-01-06 15:40:57,DELIVERED,EAST
786,593.0,2009-05-19 18:44:45,RETURNED,CENTRAL
787,179.0,1993-04-30 03:40:47,CANCELLED,WEST
788,375.0,2014-08-17 00:22:33,RETURNED,NORTH
789,530.0,2013-12-18 16:34:02,DELIVERED,WEST
790,229.0,2023-07-18 15:01:03,RETURNED,WEST
791,362.0,1992-03-16 09:21:24,DELIVERED,WEST
792,494.0,2003-01-31 06:48:42,RETURNED,NORTH
793,514.0,2010-05-18 23:23:23,SHIPPED,WEST
794,170.0,2015-04-24 22:11:01,SHIPPED,NORTH
795,527.0,2017-06-03 15:18:57,DELIVERED,SOUTH
796,154.0,2006-01-29 08:28:30,SHIPPED,SOUTH
797,371.0,2007-04-29 06:19:51,RETURNED,NORTH
798,677.0,2000-04-19 21:43:55,SHIPPED,WEST
799,339.0,2001-03-02 19:52:17,PLACED,WEST
800,692.0,11-09-1990,CANCELLED,WEST
801,216.0,2008-08-08 02:47:49,RETURNED,SOUTH
802,663.0,1978-12-24 17:46:35,CANCELLED,NORTH
803,250.0,19-09-2023,PLACED,SOUTH
804,588.0,1990-11-09 23:23:32,RETURNED,SOUTH
805,138.0,1981-09-08 13:10:58,RETURNED,NORTH
806,587.0,2023-09-17 08:31:35,SHIPPED,NORTH
807,171.0,1987-09-11 12:29:20,DELIVERED,SOUTH
808,530.0,1985-06-07 16:41:43,CANCELLED,CENTRAL
809,,2002-12-14 22:16:11,PLACED,EAST
810,88.0,1995-04-23 16:22:14,SHIPPED,WEST
811,622.0,1989-08-10 21:57:25,CANCELLED,WEST
812,175.0,2022-05-20 05:36:10,SHIPPED,WEST
813,616.0,1973-03-22 02:50:47,SHIPPED,CENTRAL
814,187.0,1980-02-04 23:15:47,RETURNED,CENTRAL
815,271.0,1994-01-11 20:49:19,SHIPPED,EAST
816,465.0,1989-05-09 08:29:20,RETURNED,CENTRAL
817,71.0,2001-01-10 02:46:14,SHIPPED,WEST
818,395.0,1981-04-27 23:26:11,SHIPPED,NORTH
819,17.0,06-02-2012,SHIPPED,CENTRAL
820,517.0,1980-12-10 10:54:00,CANCELLED,SOUTH
821,621.0,2018-06-10 04:30:07,PLACED,SOUTH
822,488.0,2006-06-06 08:50:34,RETURNED,CENTRAL
823,40.0,1989-05-30 20:12:57,RETURNED,CENTRAL
824,121.0,1982-05-28 14:33:26,PLACED,WEST
825,676.0,1981-12-07 13:55:26,SHIPPED,CENTRAL
826,553.0,2018-03-10 04:45:20,PLACED,WEST
827,535.0,2017-02-24 02:39:06,CANCELLED,EAST
828,45.0,2015-05-07 08:49:01,RETURNED,WEST
829,235.0,2024-01-24 08:13:46,CANCELLED,WEST
830,,1980-06-11 21:14:59,RETURNED,CENTRAL
831,101.0,1980-12-22 00:10:59,CANCELLED,SOUTH
832,261.0,1986-03-11 04:03:27,CANCELLED,SOUTH
833,86.0,1977-12-15 23:54:30,DELIVERED,CENTRAL
834,557.0,1972-10-19 19:47:49,CANCELLED,EAST
835,194.0,1991-07-19 18:40:15,PLACED,NORTH
836,592.0,2009-02-04 21:36:52,RETURNED,NORTH
837,533.0,1978-08-10 12:23:25,PLACED,WEST
838,671.0,2000-01-02 08:19:10,SHIPPED,EAST
839,419.0,1987-09-21 10:56:35,DELIVERED,NORTH
840,159.0,1995-02-27 06:01:25,CANCELLED,CENTRAL
841,260.0,1982-07-22 16:30:04,DELIVERED,CENTRAL
842,434.0,1983-12-18 03:56:22,RETURNED,EAST
843,627.0,2008-04-11 16:42:35,DELIVERED,WEST
844,209.0,2018-02-13 22:05:26,CANCELLED,CENTRAL
845,571.0,1972-05-12 04:50:47,CANCELLED,SOUTH
846,380.0,2015-04-17 09:59:51,RETURNED,CENTRAL
847,496.0,1991-07-27 16:19:09,DELIVERED,EAST
848,592.0,1993-05-26 08:44:07,DELIVERED,WEST
849,142.0,1980-01-26 04:09:39,PLACED,SOUTH
850,458.0,1995-05-18 20:25:33,SHIPPED,NORTH
851,220.0,2000-07-07 18:22:26,RETURNED,WEST
852,347.0,27-09-2006,RETURNED,CENTRAL
853,54.0,1981-01-24 09:15:04,SHIPPED,WEST
854,652.0,25-04-2006,PLACED,NORTH
855,149.0,10-07-1990,CANCELLED,CENTRAL
856,446.0,1978-04-08 15:37:17,PLACED,NORTH
857,270.0,1971-09-12 12:27:54,SHIPPED,EAST
858,82.0,1997-07-13 10:49:50,RETURNED,NORTH
859,394.0,2003-12-27 01:47:35,CANCELLED,CENTRAL
860,672.0,2022-04-19 14:56:44,RETURNED,EAST
861,612.0,1979-11-23 12:51:55,PLACED,SOUTH
862,656.0,2001-03-03 15:56:24,CANCELLED,WEST
863,11.0,1991-10-17 01:26:19,SHIPPED,CENTRAL
864,293.0,1980-08-14 17:24:12,SHIPPED,NORTH
865,,17-04-1970,RETURNED,CENTRAL
866,238.0,2020-04-03 09:24:55,RETURNED,SOUTH
867,691.0,2007-03-02 12:31:47,PLACED,EAST
868,245.0,2004-07-12 17:16:39,PLACED,SOUTH
869,89.0,1992-07-18 00:36:03,DELIVERED,WEST
870,362.0,2014-01-17 08:03:24,CANCELLED,WEST
871,601.0,2018-01-03 02:07:36,SHIPPED,CENTRAL
872,16.0,1990-02-11 02:32:28,PLACED,NORTH
873,563.0,2002-04-02 02:43:34,DELIVERED,CENTRAL
874,597.0,1989-09-21 16:38:45,DELIVERED,EAST
875,284.0,2021-04-27 18:57:03,SHIPPED,CENTRAL
876,200.0,2009-01-16 01:50:04,CANCELLED,WEST
877,589.0,2015-05-20 14:01:42,PLACED,EAST
878,180.0,1980-01-04 18:42:36,CANCELLED,CENTRAL
879,110.0,2024-05-30 13:46:06,RETURNED,NORTH
880,516.0,2008-06-18 21:43:50,DELIVERED,EAST
881,120.0,2019-07-31 01:17:36,RETURNED,EAST
882,551.0,2000-02-01 14:13:23,RETURNED,EAST
883,454.0,1993-01-18 01:07:55,CANCELLED,CENTRAL
884,496.0,2016-11-23 20:11:17,SHIPPED,EAST
885,470.0,23-08-1977,CANCELLED,CENTRAL
886,29.0,2019-10-16 00:34:18,CANCELLED,NORTH
887,265.0,2002-08-06 03:26:02,PLACED,WEST
888,649.0,1972-09-23 05:11:59,SHIPPED,SOUTH
889,,1979-06-28 09:14:06,CANCELLED,EAST
890,529.0,2016-02-20 23:43:39,RETURNED,NORTH
891,270.0,2007-06-30 04:26:19,SHIPPED,EAST
892,96.0,1977-12-14 23:18:38,CANCELLED,EAST
893,,1990-12-19 10:11:39,RETURNED,SOUTH
894,488.0,09-09-1971,DELIVERED,EAST
895,224.0,1997-05-01 13:34:51,RETURNED,EAST
896,188.0,2012-01-09 14:12:54,SHIPPED,WEST
897,205.0,1984-12-30 04:43:16,SHIPPED,SOUTH
898,272.0,07-05-2000,SHIPPED,SOUTH
899,208.0,1994-04-28 01:33:25,SHIPPED,CENTRAL
900,365.0,1976-04-17 15:08:36,SHIPPED,NORTH
901,123.0,1992-03-17 21:11:01,PLACED,WEST
902,629.0,1973-09-29 20:50:39,PLACED,CENTRAL
903,44.0,2011-05-21 16:19:28,CANCELLED,EAST
904,636.0,2013-08-22 21:54:02,DELIVERED,WEST
905,589.0,1983-04-13 11:21:20,DELIVERED,WEST
906,188.0,2009-09-14 06:24:35,RETURNED,EAST
907,408.0,2005-10-28 14:01:05,SHIPPED,CENTRAL
908,132.0,1985-02-12 09:58:15,PLACED,CENTRAL
909,434.0,2023-03-02 21:40:23,CANCELLED,CENTRAL
910,34.0,2022-03-15 06:03:55,RETURNED,EAST
911,404.0,1988-11-29 22:00:50,SHIPPED,WEST
912,,1983-04-27 12:57:03,RETURNED,WEST
913,324.0,1971-07-15 10:47:34,PLACED,NORTH
914,691.0,1975-09-09 15:06:29,SHIPPED,WEST
915,595.0,2006-08-22 07:26:35,PLACED,EAST
916,371.0,2000-04-24 22:05:49,RETURNED,EAST
917,192.0,2016-01-28 12:02:38,RETURNED,EAST
918,243.0,2015-09-13 15:48:56,DELIVERED,WEST
919,628.0,12-12-1975,DELIVERED,EAST
920,189.0,2004-10-29 13:08:49,CANCELLED,WEST
921,,1996-11-03 10:50:59,CANCELLED,EAST
922,374.0,1983-03-27 01:57:54,CANCELLED,EAST
923,462.0,2003-05-18 13:59:04,SHIPPED,CENTRAL
924,135.0,1991-08-16 21:55:06,RETURNED,SOUTH
925,103.0,2011-01-17 22:02:15,DELIVERED,SOUTH
926,569.0,2011-03-06 06:58:44,CANCELLED,WEST
927,201.0,2004-10-23 18:56:36,SHIPPED,SOUTH
928,485.0,1973-10-25 01:42:12,PLACED,SOUTH
929,432.0,2015-05-17 13:38:37,CANCELLED,SOUTH
930,646.0,1994-07-28 07:35:09,RETURNED,CENTRAL
931,324.0,1997-01-20 08:35:09,CANCELLED,EAST
932,257.0,1980-01-26 05:11:25,RETURNED,CENTRAL
933,49.0,2018-09-21 09:01:25,CANCELLED,NORTH
934,168.0,1999-02-07 01:29:03,PLACED,SOUTH
935,261.0,1995-02-26 04:51:50,CANCELLED,NORTH
936,461.0,1996-04-10 21:08:56,DELIVERED,EAST
937,370.0,1995-05-16 18:26:42,DELIVERED,CENTRAL
938,571.0,1970-10-31 00:05:31,DELIVERED,EAST
939,21.0,1989-05-16 00:33:35,CANCELLED,NORTH
940,360.0,1993-06-22 00:55:23,RETURNED,SOUTH
941,591.0,1993-11-28 23:26:30,RETURNED,CENTRAL
942,179.0,1990-12-19 12:03:59,DELIVERED,EAST
943,,2000-04-27 20:27:38,RETURNED,WEST
944,458.0,2008-03-06 13:13:46,PLACED,WEST
945,629.0,1975-12-18 06:37:13,DELIVERED,WEST
946,647.0,1984-09-05 03:10:20,SHIPPED,SOUTH
947,656.0,2019-07-13 21:26:22,DELIVERED,WEST
948,647.0,2000-03-25 03:45:52,RETURNED,CENTRAL
949,415.0,2020-06-17 18:29:13,PLACED,NORTH
950,,1998-04-14 00:53:08,DELIVERED,SOUTH
951,322.0,2024-09-09 17:04:36,DELIVERED,EAST
952,274.0,2000-02-11 12:08:12,RETURNED,WEST
953,278.0,1989-08-23 00:53:56,CANCELLED,EAST
954,602.0,1981-02-23 00:44:42,RETURNED,WEST
955,424.0,2024-10-29 02:32:05,SHIPPED,SOUTH
956,24.0,2019-07-17 13:18:43,SHIPPED,SOUTH
957,678.0,1998-11-04 09:45:09,DELIVERED,NORTH
958,216.0,2019-08-01 14:06:57,SHIPPED,WEST
959,106.0,1998-03-09 20:13:04,PLACED,NORTH
960,485.0,01-07-1979,RETURNED,NORTH
961,27.0,2009-12-16 10:33:05,CANCELLED,CENTRAL
962,86.0,09-09-2010,PLACED,EAST
963,633.0,1975-11-10 11:30:48,SHIPPED,NORTH
964,671.0,1979-10-11 04:10:11,CANCELLED,EAST
965,235.0,1984-02-21 11:51:33,SHIPPED,EAST
966,,1990-08-20 20:25:08,SHIPPED,SOUTH
967,540.0,2002-04-19 13:45:33,SHIPPED,NORTH
968,36.0,30-09-2005,DELIVERED,EAST
969,488.0,1992-10-28 19:53:00,CANCELLED,CENTRAL
970,279.0,02-07-1974,RETURNED,WEST
971,,2010-03-13 09:40:55,RETURNED,SOUTH
972,606.0,2021-06-15 07:36:07,RETURNED,WEST
973,647.0,1995-07-28 20:58:27,RETURNED,WEST
974,537.0,1976-01-08 09:27:25,RETURNED,EAST
975,356.0,1970-06-14 12:18:27,CANCELLED,CENTRAL
976,233.0,1997-11-12 04:47:05,PLACED,WEST
977,316.0,2013-06-21 14:37:13,DELIVERED,WEST
978,,1988-08-07 15:00:54,SHIPPED,EAST
979,11.0,1998-03-17 19:14:32,PLACED,CENTRAL
980,140.0,1981-11-25 23:44:47,DELIVERED,EAST
981,481.0,2007-10-28 19:52:28,RETURNED,NORTH
982,504.0,2001-06-13 01:17:50,CANCELLED,EAST
983,10.0,2018-05-02 06:50:39,CANCELLED,EAST
984,612.0,2008-08-24 15:17:01,SHIPPED,NORTH
985,562.0,2021-05-24 16:26:24,DELIVERED,SOUTH
986,,1979-04-27 08:09:36,RETURNED,WEST
987,405.0,1983-07-24 13:46:01,SHIPPED,SOUTH
988,662.0,1982-08-29 05:09:01,CANCELLED,WEST
989,226.0,1995-12-24 22:23:57,DELIVERED,NORTH
990,433.0,1989-09-12 15:30:20,SHIPPED,CENTRAL
991,628.0,2007-09-10 10:29:24,DELIVERED,EAST
992,665.0,2003-05-21 13:43:27,RETURNED,EAST
993,423.0,1972-11-15 16:54:46,SHIPPED,NORTH
994,,2025-12-28 18:51:08,SHIPPED,EAST
995,114.0,2026-03-24 12:18:40,CANCELLED,CENTRAL
996,464.0,21-07-1990,DELIVERED,CENTRAL
997,,2009-10-28 10:19:14,SHIPPED,EAST
998,20.0,1990-09-06 19:59:22,SHIPPED,NORTH
999,548.0,16-08-2003,PLACED,SOUTH
1000,105.0,23-01-2008,DELIVERED,EAST
1001,129.0,2020-05-07 05:18:36,CANCELLED,NORTH
1002,239.0,2001-07-16 03:47:25,PLACED,SOUTH
1003,16.0,1985-04-12 11:31:51,CANCELLED,SOUTH
1004,351.0,1971-10-30 02:41:24,CANCELLED,EAST
1005,511.0,2023-11-04 20:50:53,DELIVERED,WEST
1006,33.0,1970-03-02 19:29:59,DELIVERED,NORTH
1007,150.0,1980-06-25 06:52:35,PLACED,EAST
1008,402.0,1987-11-16 20:56:54,PLACED,CENTRAL
1009,482.0,1990-06-05 18:01:31,SHIPPED,SOUTH
1010,257.0,2013-08-04 02:03:49,CANCELLED,NORTH
1011,125.0,2013-04-26 19:19:33,SHIPPED,WEST
1012,454.0,2002-02-27 01:47:27,SHIPPED,NORTH
1013,204.0,1978-06-14 10:25:15,CANCELLED,NORTH
1014,534.0,29-06-2014,SHIPPED,WEST
1015,399.0,2015-04-26 08:50:59,DELIVERED,EAST
1016,163.0,30-07-1989,PLACED,CENTRAL
1017,534.0,1998-05-22 11:42:34,PLACED,EAST
1018,493.0,1982-03-17 07:45:00,DELIVERED,SOUTH
1019,370.0,2003-06-22 21:43:30,PLACED,SOUTH
1020,116.0,2016-10-22 10:26:36,SHIPPED,WEST
1021,333.0,2013-11-17 05:44:18,PLACED,SOUTH
1022,283.0,1986-08-28 07:13:16,RETURNED,NORTH
1023,406.0,1971-12-08 22:39:56,SHIPPED,NORTH
1024,44.0,1978-02-14 13:49:42,RETURNED,WEST
1025,611.0,2022-01-15 04:16:03,SHIPPED,EAST
1026,92.0,1988-11-12 06:24:05,SHIPPED,SOUTH
1027,512.0,2003-07-21 19:54:52,PLACED,CENTRAL
1028,347.0,1974-07-17 10:54:37,PLACED,NORTH
1029,365.0,2010-10-03 12:35:25,SHIPPED,CENTRAL
1030,110.0,2020-09-26 03:11:15,SHIPPED,WEST
1031,239.0,1994-08-14 13:57:12,DELIVERED,CENTRAL
1032,661.0,2009-07-17 11:13:52,DELIVERED,WEST
1033,198.0,2002-09-12 13:00:30,PLACED,WEST
1034,367.0,2008-06-27 10:22:56,SHIPPED,EAST
1035,41.0,1999-09-04 12:59:53,CANCELLED,WEST
1036,573.0,1987-07-21 10:13:20,DELIVERED,CENTRAL
1037,502.0,2012-09-25 22:13:53,SHIPPED,CENTRAL
1038,192.0,2016-09-04 10:56:41,RETURNED,EAST
1039,332.0,2002-05-25 01:20:42,CANCELLED,EAST
1040,614.0,30-03-2017,RETURNED,SOUTH
1041,71.0,2025-09-07 11:30:38,RETURNED,SOUTH
1042,461.0,1978-02-20 06:26:53,DELIVERED,EAST
1043,555.0,1995-05-25 23:47:42,DELIVERED,WEST
1044,1.0,2004-11-16 21:35:14,RETURNED,WEST
1045,190.0,2019-11-17 18:02:28,PLACED,CENTRAL
1046,373.0,2009-02-23 06:09:27,RETURNED,SOUTH
1047,329.0,1971-03-13 02:02:41,PLACED,CENTRAL
1048,397.0,1987-08-30 19:57:48,SHIPPED,CENTRAL
1049,700.0,1981-01-30 14:09:31,CANCELLED,CENTRAL
1050,158.0,2009-08-01 02:25:23,RETURNED,EAST
1051,331.0,1973-12-25 06:48:41,CANCELLED,EAST
1052,114.0,12-12-1979,PLACED,CENTRAL
1053,675.0,1991-10-03 17:12:40,PLACED,NORTH
1054,133.0,2001-05-17 07:26:18,SHIPPED,NORTH
1055,207.0,2017-03-06 15:26:46,PLACED,WEST
1056,197.0,1979-03-22 19:20:33,PLACED,NORTH
1057,585.0,1994-04-27 20:44:06,CANCELLED,WEST
1058,539.0,1981-02-11 01:31:41,RETURNED,CENTRAL
1059,263.0,1973-08-07 13:07:05,PLACED,EAST
1060,227.0,1988-07-22 06:12:05,RETURNED,NORTH
1061,14.0,1994-07-30 18:23:18,SHIPPED,WEST
1062,82.0,1998-07-20 01:51:01,CANCELLED,NORTH
1063,370.0,2013-04-19 00:11:56,RETURNED,WEST
1064,378.0,1994-03-24 00:55:20,PLACED,CENTRAL
1065,273.0,1973-04-25 19:34:21,RETURNED,NORTH
1066,73.0,1989-09-22 09:57:35,DELIVERED,NORTH
1067,222.0,1989-11-06 08:24:44,RETURNED,NORTH
1068,104.0,2006-01-15 14:03:43,SHIPPED,CENTRAL
1069,395.0,2013-06-25 02:26:53,SHIPPED,SOUTH
1070,539.0,1975-03-25 12:53:56,SHIPPED,CENTRAL
1071,641.0,2004-12-20 05:18:19,SHIPPED,CENTRAL
1072,572.0,1983-03-11 07:02:56,CANCELLED,NORTH
1073,654.0,2022-02-27 00:43:21,RETURNED,EAST
1074,691.0,2012-09-26 18:27:29,CANCELLED,WEST
1075,107.0,1982-06-21 15:23:24,SHIPPED,SOUTH
1076,564.0,2022-01-14 10:58:59,CANCELLED,CENTRAL
1077,346.0,1976-06-07 00:36:17,SHIPPED,CENTRAL
1078,615.0,2010-09-30 07:44:01,CANCELLED,EAST
1079,323.0,2021-03-20 16:23:33,RETURNED,EAST
1080,381.0,1981-05-17 04:27:28,CANCELLED,WEST
1081,332.0,2007-01-01 01:02:30,RETURNED,SOUTH
1082,577.0,15-12-1991,RETURNED,SOUTH
1083,385.0,1991-07-09 10:52:10,RETURNED,EAST
1084,369.0,2026-04-07 18:31:47,CANCELLED,WEST
1085,407.0,2016-08-11 22:49:10,PLACED,NORTH
1086,292.0,2024-06-07 01:20:20,RETURNED,NORTH
1087,531.0,1990-06-28 04:37:48,SHIPPED,EAST
1088,7.0,1988-06-22 03:35:01,DELIVERED,SOUTH
1089,220.0,2016-08-23 19:06:13,DELIVERED,NORTH
1090,283.0,2017-07-01 01:50:11,RETURNED,CENTRAL
1091,570.0,2016-11-03 22:46:01,RETURNED,CENTRAL
1092,159.0,1994-09-02 13:12:14,PLACED,NORTH
1093,472.0,1976-07-09 22:51:19,DELIVERED,SOUTH
1094,142.0,2006-05-15 02:08:30,DELIVERED,EAST
1095,,2009-06-22 03:17:59,SHIPPED,SOUTH
1096,263.0,1993-12-05 19:05:08,DELIVERED,NORTH
1097,585.0,2026-01-10 14:25:07,CANCELLED,CENTRAL
1098,223.0,1979-10-13 02:50:13,PLACED,EAST
1099,495.0,1970-11-17 13:45:34,SHIPPED,WEST
1100,591.0,1979-04-27 21:31:32,PLACED,CENTRAL
1101,658.0,2005-04-06 04:53:29,DELIVERED,NORTH
1102,591.0,1989-02-24 16:14:07,CANCELLED,NORTH
1103,58.0,1995-05-21 07:38:00,DELIVERED,EAST
1104,,2022-12-31 08:58:28,CANCELLED,NORTH
1105,233.0,2002-12-31 05:32:00,RETURNED,NORTH
1106,650.0,1998-01-14 04:17:36,CANCELLED,NORTH
1107,313.0,1993-02-27 12:39:52,RETURNED,NORTH
1108,327.0,1981-02-04 02:40:26,RETURNED,CENTRAL
1109,154.0,1976-12-20 14:37:59,DELIVERED,CENTRAL
1110,227.0,1984-10-29 08:13:34,SHIPPED,NORTH
1111,690.0,1980-07-08 11:35:51,CANCELLED,WEST
1112,610.0,2004-04-03 15:35:31,RETURNED,CENTRAL
1113,93.0,1985-01-17 19:20:30,SHIPPED,WEST
1114,297.0,2026-08-03 20:56:58,CANCELLED,SOUTH
1115,136.0,1982-10-28 02:59:13,DELIVERED,NORTH
1116,488.0,2024-02-09 11:38:35,RETURNED,NORTH
1117,562.0,2008-01-07 10:48:48,CANCELLED,EAST
1118,88.0,2011-09-29 20:16:02,CANCELLED,CENTRAL
1119,445.0,2016-12-06 09:56:11,SHIPPED,SOUTH
1120,493.0,2026-07-30 23:04:05,RETURNED,SOUTH
1121,500.0,2005-10-09 04:07:27,CANCELLED,CENTRAL
1122,201.0,2006-03-18 07:25:18,RETURNED,CENTRAL
1123,537.0,2018-06-28 10:55:01,SHIPPED,SOUTH
1124,74.0,2007-07-03 23:36:23,DELIVERED,WEST
1125,332.0,2017-10-15 21:19:16,RETURNED,NORTH
1126,116.0,2021-06-20 02:32:35,CANCELLED,WEST
1127,375.0,2024-08-13 05:47:27,DELIVERED,SOUTH
1128,329.0,1977-10-03 15:48:20,DELIVERED,CENTRAL
1129,672.0,1998-05-27 04:44:25,PLACED,EAST
1130,174.0,2001-05-03 13:47:41,DELIVERED,CENTRAL
1131,453.0,1975-03-14 22:34:14,RETURNED,SOUTH
1132,452.0,1977-12-07 06:07:11,PLACED,SOUTH
1133,205.0,2025-09-21 11:55:04,DELIVERED,SOUTH
1134,88.0,06-12-1978,PLACED,NORTH
1135,249.0,1971-03-08 23:12:59,RETURNED,SOUTH
1136,295.0,19-08-2002,PLACED,EAST
1137,114.0,1993-09-11 19:18:15,DELIVERED,WEST
1138,483.0,1991-03-16 04:48:44,PLACED,EAST
1139,215.0,2017-01-10 03:48:13,RETURNED,SOUTH
1140,209.0,1994-09-03 16:34:25,RETURNED,CENTRAL
1141,265.0,1979-06-18 05:04:01,RETURNED,WEST
1142,638.0,2025-08-07 14:34:17,SHIPPED,NORTH
1143,386.0,2000-01-28 10:13:36,RETURNED,CENTRAL
1144,45.0,2010-09-02 15:18:06,DELIVERED,SOUTH
1145,62.0,2005-08-07 05:53:40,DELIVERED,SOUTH
1146,633.0,2021-12-18 02:54:16,DELIVERED,NORTH
1147,477.0,1993-04-11 13:52:10,PLACED,NORTH
1148,398.0,1981-09-20 05:34:14,DELIVERED,EAST
1149,111.0,2018-04-23 12:47:35,PLACED,EAST
1150,665.0,1990-09-25 23:14:29,CANCELLED,SOUTH
1151,390.0,1971-12-16 19:43:49,RETURNED,NORTH
1152,324.0,2020-08-29 15:48:53,CANCELLED,CENTRAL
1153,545.0,2025-06-07 08:23:01,PLACED,SOUTH
1154,204.0,1978-01-26 17:48:04,RETURNED,WEST
1155,575.0,1985-02-17 17:37:25,PLACED,NORTH
1156,254.0,1978-10-05 05:10:33,RETURNED,EAST
1157,342.0,2017-03-30 12:49:18,CANCELLED,WEST
1158,161.0,1979-09-09 08:39:07,PLACED,EAST
1159,361.0,2016-10-27 12:06:57,DELIVERED,EAST
1160,242.0,1985-06-02 12:54:55,RETURNED,EAST
1161,64.0,1990-12-03 04:08:17,DELIVERED,WEST
1162,31.0,1978-07-13 10:43:02,RETURNED,EAST
1163,231.0,1984-04-12 15:02:10,SHIPPED,EAST
1164,403.0,1978-11-11 14:12:36,SHIPPED,NORTH
1165,392.0,1975-05-08 17:41:11,RETURNED,CENTRAL
1166,641.0,1998-11-28 14:05:51,SHIPPED,WEST
1167,,2017-01-04 09:04:14,RETURNED,SOUTH
1168,437.0,2021-12-04 01:21:35,DELIVERED,CENTRAL
1169,338.0,2023-05-10 03:57:00,CANCELLED,CENTRAL
1170,135.0,1977-08-08 20:53:07,SHIPPED,SOUTH
1171,595.0,1975-04-17 02:54:54,RETURNED,SOUTH
1172,142.0,1971-04-13 10:27:32,DELIVERED,CENTRAL
1173,139.0,2022-09-20 01:57:50,CANCELLED,SOUTH
1174,672.0,2002-12-15 05:17:47,RETURNED,SOUTH
1175,326.0,2021-07-15 15:20:48,PLACED,CENTRAL
1176,546.0,1999-05-07 17:08:21,PLACED,SOUTH
1177,326.0,1972-11-22 18:20:32,SHIPPED,NORTH
1178,327.0,1983-05-13 07:55:47,CANCELLED,WEST
1179,311.0,1977-05-03 19:34:25,CANCELLED,EAST
1180,156.0,1972-03-26 01:36:55,SHIPPED,NORTH
1181,135.0,20-12-2023,SHIPPED,NORTH
1182,627.0,2014-11-25 03:22:25,RETURNED,EAST
1183,621.0,2004-12-10 14:16:04,RETURNED,CENTRAL
1184,237.0,2010-05-14 11:22:13,RETURNED,SOUTH
1185,237.0,1974-01-13 01:05:31,PLACED,EAST
1186,82.0,03-12-2001,CANCELLED,SOUTH
1187,515.0,1978-02-03 19:51:48,RETURNED,WEST
1188,666.0,1987-03-21 15:49:15,DELIVERED,SOUTH
1189,397.0,1972-12-11 18:25:19,CANCELLED,WEST
1190,141.0,1974-07-05 14:05:28,SHIPPED,SOUTH
1191,232.0,1990-07-12 10:43:52,PLACED,WEST
1192,16.0,2015-06-06 22:48:48,DELIVERED,WEST
1193,228.0,1970-09-13 07:43:16,SHIPPED,SOUTH
1194,68.0,2021-05-07 10:46:18,SHIPPED,WEST
1195,632.0,1976-07-26 14:38:16,CANCELLED,EAST
1196,469.0,2023-03-29 22:22:19,SHIPPED,WEST
1197,415.0,1978-06-04 21:43:54,PLACED,CENTRAL
1198,390.0,2010-12-14 14:53:40,DELIVERED,WEST
1199,,1983-12-24 06:34:40,RETURNED,CENTRAL
1200,550.0,2009-12-26 22:52:10,RETURNED,NORTH
1201,534.0,1983-08-12 15:13:07,PLACED,WEST
1202,468.0,1982-07-29 18:39:09,PLACED,SOUTH
1203,532.0,2015-08-20 20:52:12,RETURNED,WEST
1204,41.0,03-12-1993,RETURNED,WEST
1205,529.0,1971-12-29 05:44:36,PLACED,SOUTH
1206,299.0,1976-03-06 07:58:16,CANCELLED,WEST
1207,312.0,1979-11-27 20:07:11,DELIVERED,WEST
1208,171.0,2020-10-11 20:26:56,CANCELLED,EAST
1209,628.0,1988-11-16 05:01:30,PLACED,CENTRAL
1210,146.0,2009-06-14 19:09:07,CANCELLED,WEST
1211,93.0,02-09-1993,RETURNED,NORTH
1212,185.0,1993-12-20 01:26:13,RETURNED,CENTRAL
1213,139.0,1980-12-04 16:10:42,CANCELLED,WEST
1214,332.0,2004-01-26 08:03:36,CANCELLED,NORTH
1215,184.0,2023-02-18 22:37:00,CANCELLED,CENTRAL
1216,207.0,2019-07-31 07:26:29,CANCELLED,NORTH
1217,257.0,2011-09-18 02:45:17,DELIVERED,SOUTH
1218,127.0,1986-06-16 12:45:10,PLACED,NORTH
1219,461.0,2004-05-11 14:05:15,DELIVERED,NORTH
1220,537.0,2008-10-21 06:38:27,CANCELLED,CENTRAL
1221,627.0,26-08-1974,SHIPPED,WEST
1222,564.0,1976-09-29 06:50:33,CANCELLED,NORTH
1223,175.0,2025-10-09 22:23:34,DELIVERED,CENTRAL
1224,676.0,2009-05-05 14:10:16,SHIPPED,SOUTH
1225,149.0,2021-12-09 12:48:15,SHIPPED,NORTH
1226,430.0,1970-12-14 13:57:52,DELIVERED,EAST
1227,457.0,2005-12-27 08:35:57,DELIVERED,SOUTH
1228,121.0,1984-10-07 12:23:34,SHIPPED,SOUTH
1229,4.0,2018-09-17 14:16:18,RETURNED,EAST
1230,13.0,1983-01-13 22:32:40,CANCELLED,WEST
1231,511.0,1989-03-07 14:07:28,RETURNED,NORTH
1232,623.0,1981-09-09 10:51:28,CANCELLED,SOUTH
1233,,2021-04-24 05:10:54,RETURNED,WEST
1234,465.0,21-07-2006,CANCELLED,WEST
1235,82.0,1970-04-18 14:18:12,RETURNED,CENTRAL
1236,7.0,2019-05-12 15:44:34,SHIPPED,CENTRAL
1237,285.0,1976-09-18 20:19:20,RETURNED,CENTRAL
1238,,1984-07-25 09:08:59,PLACED,SOUTH
1239,152.0,2004-04-23 20:11:43,PLACED,EAST
1240,38.0,2018-03-01 08:57:08,SHIPPED,NORTH
1241,684.0,2002-04-22 02:49:48,RETURNED,CENTRAL
1242,306.0,1994-12-09 11:42:38,DELIVERED,NORTH
1243,51.0,2017-07-05 04:30:04,PLACED,WEST
1244,183.0,2010-02-09 03:12:17,SHIPPED,EAST
1245,626.0,1982-08-07 07:49:43,RETURNED,CENTRAL
1246,576.0,1999-12-02 22:52:58,SHIPPED,WEST
1247,593.0,2015-11-01 13:43:41,DELIVERED,NORTH
1248,96.0,1977-04-21 13:33:41,DELIVERED,EAST
1249,378.0,1982-04-23 00:21:05,CANCELLED,NORTH
1250,438.0,1994-02-23 03:46:12,RETURNED,NORTH
1251,300.0,1995-11-01 09:12:03,CANCELLED,SOUTH
1252,125.0,1998-11-10 20:38:25,DELIVERED,EAST
1253,540.0,31-07-1984,CANCELLED,CENTRAL
1254,215.0,2004-12-29 18:40:16,SHIPPED,CENTRAL
1255,60.0,1985-06-26 21:22:36,PLACED,CENTRAL
1256,645.0,1997-09-26 09:43:50,RETURNED,NORTH
1257,496.0,1977-09-05 18:56:54,RETURNED,EAST
1258,438.0,2021-10-24 22:25:21,RETURNED,EAST
1259,266.0,1991-05-22 11:29:13,RETURNED,CENTRAL
1260,639.0,1978-05-31 11:27:36,DELIVERED,SOUTH
1261,630.0,2001-09-15 01:11:12,RETURNED,WEST
1262,533.0,1977-07-04 22:09:16,CANCELLED,WEST
1263,185.0,2005-05-14 21:34:54,RETURNED,SOUTH
1264,,1979-04-02 02:53:04,SHIPPED,NORTH
1265,122.0,2003-09-28 13:46:26,PLACED,WEST
1266,641.0,2021-11-15 09:57:46,PLACED,SOUTH
1267,,1994-08-01 22:17:27,CANCELLED,WEST
1268,47.0,2017-12-16 04:21:54,DELIVERED,EAST
1269,574.0,1989-08-14 00:30:23,SHIPPED,NORTH
1270,656.0,2007-11-30 14:15:20,SHIPPED,EAST
1271,261.0,2019-02-21 19:14:54,PLACED,EAST
1272,308.0,1972-10-06 07:57:06,RETURNED,CENTRAL
1273,332.0,1975-08-07 06:48:36,PLACED,NORTH
1274,342.0,1992-04-30 08:27:59,DELIVERED,WEST
1275,583.0,2003-08-07 07:09:30,RETURNED,NORTH
1276,180.0,16-11-1977,SHIPPED,EAST
1277,347.0,1996-03-08 18:52:40,CANCELLED,WEST
1278,37.0,1989-04-20 04:49:03,SHIPPED,WEST
1279,160.0,2001-02-04 10:45:59,CANCELLED,CENTRAL
1280,344.0,2010-11-09 18:17:28,CANCELLED,WEST
1281,58.0,2020-02-05 17:08:57,RETURNED,EAST
1282,579.0,1991-03-26 23:22:22,DELIVERED,CENTRAL
1283,,2016-10-02 15:14:07,PLACED,SOUTH
1284,592.0,2000-03-18 13:59:29,DELIVERED,EAST
1285,68.0,1985-05-16 02:44:53,SHIPPED,EAST
1286,32.0,2007-09-11 15:42:05,DELIVERED,WEST
1287,642.0,1997-09-19 01:18:25,RETURNED,SOUTH
1288,585.0,1989-10-10 15:16:48,RETURNED,WEST
1289,192.0,1999-02-15 01:04:44,RETURNED,NORTH
1290,316.0,1982-11-06 06:37:41,DELIVERED,NORTH
1291,279.0,1974-09-27 03:28:42,CANCELLED,NORTH
1292,509.0,09-08-2024,SHIPPED,EAST
1293,463.0,2002-05-16 00:15:41,DELIVERED,SOUTH
1294,538.0,2016-03-19 21:29:05,DELIVERED,SOUTH
1295,115.0,1995-01-02 19:19:44,DELIVERED,NORTH
1296,207.0,1982-03-15 10:59:57,PLACED,WEST
1297,519.0,1970-11-14 19:03:09,PLACED,WEST
1298,513.0,2015-11-17 07:27:20,SHIPPED,SOUTH
1299,349.0,2003-06-16 23:40:43,CANCELLED,CENTRAL
1300,318.0,2015-09-27 00:34:11,DELIVERED,SOUTH
1301,101.0,1977-02-27 01:28:24,RETURNED,SOUTH
1302,211.0,1996-12-21 19:46:14,PLACED,WEST
1303,397.0,1999-10-23 23:59:05,RETURNED,NORTH
1304,5.0,2005-07-26 20:14:58,DELIVERED,NORTH
1305,609.0,2014-10-25 07:20:24,PLACED,EAST
1306,479.0,2016-01-14 23:06:15,PLACED,NORTH
1307,534.0,1975-10-14 20:00:11,DELIVERED,NORTH
1308,592.0,1978-02-11 04:12:48,DELIVERED,SOUTH
1309,329.0,1979-10-04 10:04:55,SHIPPED,SOUTH
1310,294.0,1996-11-13 02:12:39,DELIVERED,CENTRAL
1311,327.0,1997-04-06 13:41:45,CANCELLED,NORTH
1312,280.0,2017-04-19 05:47:21,SHIPPED,SOUTH
1313,281.0,2010-03-10 09:06:39,PLACED,NORTH
1314,638.0,1976-12-03 07:37:36,RETURNED,CENTRAL
1315,105.0,2020-06-15 09:30:26,SHIPPED,CENTRAL
1316,359.0,1981-06-25 15:19:10,RETURNED,EAST
1317,278.0,1974-05-28 09:15:58,SHIPPED,EAST
1318,588.0,1994-10-02 01:27:31,SHIPPED,SOUTH
1319,73.0,1983-07-20 07:39:20,DELIVERED,CENTRAL
1320,347.0,1993-01-16 17:38:49,RETURNED,WEST
1321,52.0,1983-08-18 13:49:41,SHIPPED,NORTH
1322,483.0,2010-06-27 19:57:31,PLACED,NORTH
1323,393.0,1997-07-06 15:48:09,PLACED,NORTH
1324,437.0,10-05-1978,CANCELLED,SOUTH
1325,611.0,1985-11-06 00:08:57,RETURNED,WEST
1326,632.0,1998-11-26 01:55:34,DELIVERED,EAST
1327,341.0,2019-05-08 22:56:58,SHIPPED,CENTRAL
1328,81.0,19-12-2003,CANCELLED,CENTRAL
1329,,1988-12-14 14:39:16,PLACED,WEST
1330,100.0,2022-01-17 15:07:00,CANCELLED,EAST
1331,,2018-07-21 23:38:00,CANCELLED,WEST
1332,238.0,2022-02-15 08:11:42,SHIPPED,SOUTH
1333,632.0,2009-08-07 15:58:46,DELIVERED,EAST
1334,402.0,2010-05-26 06:00:10,SHIPPED,EAST
1335,333.0,1988-07-29 18:36:43,CANCELLED,WEST
1336,31.0,2021-06-20 00:16:34,PLACED,WEST
1337,116.0,22-09-2023,DELIVERED,WEST
1338,473.0,2024-07-04 13:42:17,SHIPPED,EAST
1339,357.0,2013-10-24 12:15:19,RETURNED,CENTRAL
1340,131.0,1997-03-27 21:47:29,RETURNED,NORTH
1341,416.0,1994-03-26 20:19:09,PLACED,EAST
1342,570.0,2002-05-19 17:25:59,PLACED,EAST
1343,546.0,2015-05-15 08:19:36,CANCELLED,WEST
1344,,2011-01-17 18:11:34,CANCELLED,SOUTH
1345,636.0,1997-07-10 12:00:09,SHIPPED,CENTRAL
1346,163.0,22-12-2002,CANCELLED,WEST
1347,68.0,2004-10-20 06:38:25,DELIVERED,SOUTH
1348,,1988-12-23 20:44:36,CANCELLED,WEST
1349,581.0,1980-01-12 00:04:17,DELIVERED,CENTRAL
1350,242.0,2022-04-06 17:34:41,SHIPPED,NORTH
1351,588.0,2000-12-09 00:11:14,CANCELLED,NORTH
1352,607.0,1977-05-09 06:23:04,RETURNED,WEST
1353,334.0,1978-04-26 01:12:33,RETURNED,NORTH
1354,456.0,1987-01-22 22:19:32,SHIPPED,EAST
1355,416.0,2003-04-20 15:30:12,PLACED,CENTRAL
1356,112.0,2003-11-03 19:22:04,RETURNED,WEST
1357,336.0,1985-09-16 02:33:48,CANCELLED,NORTH
1358,93.0,2012-10-05 05:55:10,SHIPPED,SOUTH
1359,595.0,1979-02-28 17:01:37,PLACED,SOUTH
1360,677.0,1972-01-09 18:46:11,SHIPPED,WEST
1361,545.0,1976-10-11 15:44:06,DELIVERED,WEST
1362,631.0,2020-03-17 01:51:45,RETURNED,WEST
1363,201.0,1973-08-06 15:41:45,SHIPPED,EAST
1364,307.0,2026-07-03 12:40:49,RETURNED,EAST
1365,446.0,1974-08-23 19:59:12,DELIVERED,NORTH
1366,597.0,2003-11-25 05:02:43,PLACED,CENTRAL
1367,523.0,2016-02-23 10:50:40,CANCELLED,SOUTH
1368,302.0,1971-10-27 20:19:44,PLACED,EAST
1369,563.0,1982-03-10 10:44:28,PLACED,NORTH
1370,574.0,1996-01-15 09:27:49,DELIVERED,NORTH
1371,289.0,2011-02-22 00:21:23,PLACED,SOUTH
1372,443.0,2016-03-21 17:11:00,RETURNED,WEST
1373,641.0,1992-04-01 12:47:01,DELIVERED,WEST
1374,416.0,1980-05-24 06:57:49,CANCELLED,WEST
1375,559.0,1990-08-08 22:58:02,SHIPPED,SOUTH
1376,487.0,2012-04-29 01:37:22,SHIPPED,SOUTH
1377,569.0,2012-05-30 12:44:24,CANCELLED,EAST
1378,428.0,1976-07-22 09:14:48,SHIPPED,EAST
1379,687.0,24-09-2021,SHIPPED,SOUTH
1380,,1975-03-17 20:19:16,PLACED,NORTH
1381,148.0,2014-12-27 05:56:25,CANCELLED,WEST
1382,140.0,2021-02-23 08:40:46,PLACED,SOUTH
1383,,2005-05-20 09:36:28,CANCELLED,WEST
1384,619.0,2022-03-27 02:35:46,CANCELLED,CENTRAL
1385,185.0,2003-06-30 09:17:08,CANCELLED,CENTRAL
1386,435.0,2023-12-12 10:42:27,RETURNED,WEST
1387,394.0,2001-09-18 00:51:06,DELIVERED,SOUTH
1388,191.0,1983-09-29 00:58:58,CANCELLED,CENTRAL
1389,8.0,1989-12-23 13:06:25,RETURNED,WEST
1390,243.0,21-01-2015,RETURNED,EAST
1391,421.0,2003-11-19 08:20:55,RETURNED,CENTRAL
1392,376.0,2003-05-13 05:43:44,PLACED,NORTH
1393,582.0,2004-05-08 17:48:02,CANCELLED,EAST
1394,116.0,1987-10-22 17:25:03,RETURNED,WEST
1395,82.0,2006-11-30 08:56:27,SHIPPED,CENTRAL
1396,287.0,1993-05-20 14:42:57,CANCELLED,CENTRAL
1397,81.0,2025-01-31 18:34:46,RETURNED,CENTRAL
1398,91.0,2006-10-13 22:06:01,SHIPPED,WEST
1399,646.0,2007-03-14 07:33:15,PLACED,CENTRAL
1400,594.0,1971-03-16 04:47:51,DELIVERED,CENTRAL
1401,55.0,2021-12-27 10:49:07,DELIVERED,CENTRAL
1402,12.0,1972-02-25 09:15:08,CANCELLED,WEST
1403,525.0,16-04-1999,CANCELLED,CENTRAL
1404,340.0,1978-02-09 02:15:50,CANCELLED,EAST
1405,302.0,1996-02-09 04:08:02,DELIVERED,SOUTH
1406,37.0,2000-08-18 16:21:59,RETURNED,EAST
1407,578.0,1991-05-29 09:52:02,DELIVERED,NORTH
1408,645.0,1995-08-11 21:30:15,CANCELLED,CENTRAL
1409,174.0,2000-02-12 19:01:21,RETURNED,NORTH
1410,673.0,2001-04-12 19:37:48,DELIVERED,CENTRAL
1411,28.0,1972-06-13 07:34:25,DELIVERED,WEST
1412,85.0,1972-03-27 17:38:05,SHIPPED,CENTRAL
1413,79.0,1982-01-14 02:34:15,DELIVERED,EAST
1414,,2007-11-19 00:31:52,RETURNED,EAST
1415,,2014-11-15 17:59:55,DELIVERED,NORTH
1416,115.0,2023-01-14 15:45:06,RETURNED,SOUTH
1417,,1990-08-16 05:07:38,SHIPPED,WEST
1418,379.0,2018-01-18 04:43:27,SHIPPED,EAST
1419,242.0,1981-03-03 19:51:16,CANCELLED,SOUTH
1420,541.0,2003-06-12 19:00:23,PLACED,EAST
1421,87.0,1999-04-23 15:17:37,SHIPPED,CENTRAL
1422,158.0,1979-02-25 17:21:43,CANCELLED,WEST
1423,393.0,1991-04-07 05:27:25,SHIPPED,WEST
1424,653.0,2018-09-15 09:30:45,SHIPPED,SOUTH
1425,592.0,1996-06-23 15:33:12,DELIVERED,NORTH
1426,,2003-03-04 18:11:15,DELIVERED,NORTH
1427,54.0,2021-12-28 14:23:56,SHIPPED,WEST
1428,409.0,1977-06-11 16:54:02,CANCELLED,EAST
1429,488.0,16-09-2008,RETURNED,SOUTH
1430,389.0,2015-12-08 19:50:55,CANCELLED,WEST
1431,269.0,2003-05-20 18:41:19,SHIPPED,CENTRAL
1432,446.0,2014-12-02 08:12:50,PLACED,EAST
1433,460.0,2007-09-08 08:57:51,CANCELLED,EAST
1434,543.0,2016-08-22 01:36:49,PLACED,NORTH
1435,545.0,2006-09-15 16:05:29,DELIVERED,WEST
1436,626.0,2008-12-09 08:41:55,DELIVERED,EAST
1437,277.0,2001-12-21 09:34:50,DELIVERED,NORTH
1438,262.0,2002-05-21 20:00:15,RETURNED,WEST
1439,,2008-04-05 22:25:01,SHIPPED,CENTRAL
1440,200.0,1980-08-21 03:07:06,RETURNED,EAST
1441,694.0,2004-06-24 17:24:19,SHIPPED,EAST
1442,561.0,1973-10-17 08:29:34,PLACED,NORTH
1443,70.0,1996-08-19 22:08:31,PLACED,WEST
1444,101.0,1987-12-04 14:50:37,RETURNED,NORTH
1445,457.0,2003-08-31 14:45:06,DELIVERED,SOUTH
1446,291.0,2010-03-22 12:08:35,DELIVERED,SOUTH
1447,35.0,1995-09-17 05:06:28,PLACED,CENTRAL
1448,95.0,2011-12-26 02:51:11,PLACED,CENTRAL
1449,673.0,2016-01-14 04:41:00,SHIPPED,CENTRAL
1450,654.0,1994-01-02 23:47:05,PLACED,NORTH
1451,89.0,2022-02-27 17:37:08,RETURNED,SOUTH
1452,385.0,1989-05-10 17:36:01,RETURNED,SOUTH
1453,114.0,1991-10-23 15:25:47,SHIPPED,EAST
1454,302.0,1974-03-07 16:49:50,CANCELLED,NORTH
1455,655.0,1971-12-01 14:19:45,CANCELLED,EAST
1456,438.0,2010-03-08 01:09:03,DELIVERED,EAST
1457,166.0,26-01-1973,PLACED,EAST
1458,64.0,1978-09-22 09:07:19,CANCELLED,WEST
1459,341.0,1994-12-08 04:08:00,PLACED,EAST
1460,272.0,1993-09-28 09:06:27,SHIPPED,WEST
1461,72.0,02-02-2025,CANCELLED,SOUTH
1462,625.0,2020-06-30 22:19:16,CANCELLED,SOUTH
1463,661.0,27-09-2009,CANCELLED,NORTH
1464,148.0,1971-10-31 14:22:40,RETURNED,WEST
1465,224.0,27-01-2022,RETURNED,NORTH
1466,453.0,2012-07-17 06:17:23,DELIVERED,NORTH
1467,36.0,1993-03-22 23:26:44,PLACED,NORTH
1468,586.0,1995-11-25 04:51:48,DELIVERED,WEST
1469,20.0,1976-08-16 15:34:03,CANCELLED,SOUTH
1470,669.0,1999-02-19 16:20:40,PLACED,NORTH
1471,681.0,1993-06-27 13:50:03,CANCELLED,EAST
1472,156.0,1994-04-27 09:10:12,DELIVERED,WEST
1473,589.0,1998-01-12 13:34:45,PLACED,CENTRAL
1474,503.0,1993-11-26 20:16:35,CANCELLED,WEST
1475,414.0,1973-11-04 01:17:05,PLACED,CENTRAL
1476,232.0,2014-12-31 05:01:37,PLACED,WEST
1477,494.0,1986-08-15 08:12:18,PLACED,CENTRAL
1478,549.0,1986-11-07 11:27:46,DELIVERED,EAST
1479,699.0,1985-12-19 13:31:34,DELIVERED,WEST
1480,57.0,2014-02-07 04:27:56,PLACED,EAST
1481,548.0,29-03-1991,DELIVERED,NORTH
1482,471.0,2010-04-28 10:54:31,DELIVERED,SOUTH
1483,181.0,1975-10-13 05:43:04,RETURNED,NORTH
1484,394.0,2016-10-26 02:46:37,SHIPPED,EAST
1485,400.0,17-06-1974,PLACED,EAST
1486,499.0,1990-10-01 15:21:59,PLACED,WEST
1487,,1977-10-16 04:47:20,SHIPPED,NORTH
1488,198.0,21-12-1992,PLACED,CENTRAL
1489,245.0,1981-07-21 21:15:56,CANCELLED,WEST
1490,65.0,1971-05-05 22:39:32,RETURNED,EAST
1491,512.0,2006-08-22 10:08:17,RETURNED,WEST
1492,17.0,1992-03-11 16:16:24,PLACED,EAST
1493,58.0,1972-07-18 00:37:10,DELIVERED,NORTH
1494,416.0,2001-05-13 23:09:31,PLACED,SOUTH
1495,670.0,2014-10-05 21:45:59,RETURNED,WEST
1496,695.0,1998-10-01 14:59:01,RETURNED,SOUTH
1497,594.0,2008-08-27 22:40:03,SHIPPED,NORTH
1498,38.0,11-01-2005,SHIPPED,WEST
1499,670.0,1998-08-30 07:15:31,PLACED,WEST
1500,634.0,1988-02-22 20:21:38,PLACED,SOUTH
1501,665.0,1971-05-23 02:25:47,SHIPPED,NORTH
1502,177.0,2017-05-12 03:24:03,PLACED,EAST
1503,100.0,2001-12-18 10:54:13,CANCELLED,CENTRAL
1504,175.0,2010-01-05 13:14:35,RETURNED,NORTH
1505,109.0,07-07-1971,PLACED,WEST
1506,610.0,1991-07-17 00:09:06,RETURNED,SOUTH
1507,65.0,1995-09-15 17:15:08,SHIPPED,WEST
1508,346.0,2008-10-24 05:08:30,CANCELLED,EAST
1509,124.0,1996-07-23 23:29:20,RETURNED,CENTRAL
1510,141.0,10-12-1991,DELIVERED,SOUTH
1511,47.0,2008-12-17 12:36:25,RETURNED,SOUTH
1512,344.0,1976-08-25 23:37:55,PLACED,NORTH
1513,281.0,2025-01-03 01:34:42,SHIPPED,WEST
1514,,2003-03-27 05:15:58,DELIVERED,CENTRAL
1515,169.0,1976-10-22 22:08:04,CANCELLED,SOUTH
1516,596.0,2017-01-05 12:24:29,PLACED,SOUTH
1517,103.0,2015-12-10 23:34:29,RETURNED,WEST
1518,162.0,1984-01-05 21:05:50,PLACED,WEST
1519,83.0,1992-11-11 12:23:46,PLACED,NORTH
1520,184.0,2003-10-21 07:49:07,PLACED,CENTRAL
1521,291.0,2004-03-19 09:06:17,CANCELLED,WEST
1522,130.0,2025-03-21 21:03:33,SHIPPED,SOUTH
1523,656.0,2022-01-19 18:56:49,DELIVERED,CENTRAL
1524,462.0,2015-06-02 00:11:10,CANCELLED,SOUTH
1525,,1993-02-08 07:09:30,RETURNED,NORTH
1526,611.0,1981-05-04 13:00:29,SHIPPED,WEST
1527,627.0,2011-11-03 15:06:41,PLACED,EAST
1528,357.0,1990-05-20 15:10:26,CANCELLED,NORTH
1529,572.0,1994-09-22 17:21:07,SHIPPED,SOUTH
1530,,1999-09-02 14:50:34,RETURNED,NORTH
1531,634.0,1983-09-24 17:42:25,DELIVERED,CENTRAL
1532,520.0,2003-10-26 19:14:39,SHIPPED,WEST
1533,642.0,2013-03-30 01:13:47,SHIPPED,EAST
1534,55.0,2023-07-26 17:01:52,SHIPPED,NORTH
1535,153.0,1975-02-16 02:50:01,CANCELLED,WEST
1536,181.0,2006-06-19 05:26:49,SHIPPED,NORTH
1537,56.0,1984-07-26 23:45:27,DELIVERED,EAST
1538,215.0,1989-07-22 06:16:12,CANCELLED,EAST
1539,343.0,1988-01-17 11:10:46,RETURNED,WEST
1540,45.0,1973-03-27 09:33:38,PLACED,NORTH
1541,551.0,1990-03-26 22:26:41,SHIPPED,SOUTH
1542,30.0,2009-01-10 22:25:11,CANCELLED,CENTRAL
1543,119.0,1997-05-11 10:39:20,PLACED,SOUTH
1544,456.0,2024-10-02 12:23:51,RETURNED,CENTRAL
1545,334.0,1985-05-16 10:13:59,CANCELLED,SOUTH
1546,694.0,2012-07-02 19:52:50,DELIVERED,SOUTH
1547,113.0,2020-07-21 13:57:56,DELIVERED,SOUTH
1548,101.0,1976-04-04 14:59:05,SHIPPED,WEST
1549,205.0,2018-11-03 16:48:21,CANCELLED,SOUTH
1550,76.0,2009-05-07 01:42:28,CANCELLED,CENTRAL
1551,497.0,1976-06-12 14:48:01,PLACED,WEST
1552,149.0,2010-04-11 21:01:18,SHIPPED,CENTRAL
1553,466.0,1992-12-03 03:43:57,SHIPPED,WEST
1554,383.0,1988-08-08 12:32:05,SHIPPED,WEST
1555,199.0,1974-07-30 23:59:01,DELIVERED,EAST
1556,208.0,2008-07-18 15:38:17,DELIVERED,SOUTH
1557,33.0,2024-07-09 13:52:06,RETURNED,NORTH
1558,288.0,2006-02-20 15:48:34,SHIPPED,NORTH
1559,477.0,2002-05-05 20:37:32,CANCELLED,WEST
1560,176.0,1999-01-24 18:35:22,DELIVERED,SOUTH
1561,303.0,1984-04-10 02:17:02,RETURNED,SOUTH
1562,654.0,1993-08-20 14:21:10,RETURNED,SOUTH
1563,592.0,2024-02-23 00:45:21,RETURNED,SOUTH
1564,89.0,1975-03-21 10:25:17,CANCELLED,CENTRAL
1565,501.0,2014-05-04 00:50:53,SHIPPED,CENTRAL
1566,485.0,2026-01-21 03:25:31,CANCELLED,EAST
1567,15.0,1990-07-17 10:45:22,CANCELLED,SOUTH
1568,254.0,2004-05-04 21:12:20,DELIVERED,WEST
1569,594.0,2024-09-20 16:16:15,SHIPPED,CENTRAL
1570,153.0,1990-05-30 06:42:07,RETURNED,NORTH
1571,428.0,1999-06-18 01:09:51,PLACED,NORTH
1572,482.0,2015-02-24 07:20:07,RETURNED,NORTH
1573,436.0,2006-09-29 11:16:36,RETURNED,WEST
1574,491.0,1991-04-29 10:19:32,PLACED,WEST
1575,508.0,1983-08-13 22:34:12,SHIPPED,NORTH
1576,572.0,1998-03-12 20:04:43,PLACED,WEST
1577,,1997-05-18 05:52:10,SHIPPED,EAST
1578,303.0,1987-02-06 05:17:06,SHIPPED,NORTH
1579,17.0,2012-07-12 13:28:19,CANCELLED,EAST
1580,166.0,2005-01-26 13:43:16,CANCELLED,CENTRAL
1581,598.0,2000-11-04 01:23:37,PLACED,WEST
1582,475.0,2015-09-13 17:17:24,SHIPPED,WEST
1583,190.0,2021-12-14 11:01:05,DELIVERED,WEST
1584,649.0,2007-04-06 17:44:51,PLACED,NORTH
1585,395.0,1982-04-16 20:36:04,DELIVERED,CENTRAL
1586,34.0,1971-04-08 09:18:46,DELIVERED,WEST
1587,277.0,2012-09-22 03:29:37,RETURNED,CENTRAL
1588,590.0,2017-11-11 09:40:07,SHIPPED,NORTH
1589,636.0,2005-02-16 19:40:44,DELIVERED,NORTH
1590,528.0,1982-09-11 10:48:33,DELIVERED,NORTH
1591,114.0,2009-04-03 12:25:49,CANCELLED,EAST
1592,477.0,2003-12-21 18:34:00,RETURNED,NORTH
1593,375.0,1984-06-28 23:17:48,DELIVERED,SOUTH
1594,664.0,2014-12-20 10:15:28,RETURNED,NORTH
1595,575.0,2026-01-25 08:15:55,SHIPPED,SOUTH
1596,343.0,2020-07-04 16:19:13,SHIPPED,CENTRAL
1597,117.0,2001-10-19 16:30:55,CANCELLED,CENTRAL
1598,215.0,1988-03-26 14:01:10,SHIPPED,EAST
1599,362.0,2013-05-30 17:53:45,DELIVERED,CENTRAL
1600,697.0,2006-04-02 19:27:39,CANCELLED,EAST
1601,56.0,2025-01-18 03:36:48,PLACED,EAST
1602,354.0,2011-10-24 13:10:29,CANCELLED,WEST
1603,514.0,2022-05-04 13:27:05,RETURNED,NORTH
1604,482.0,1999-07-08 06:43:54,RETURNED,CENTRAL
1605,300.0,2008-07-10 21:36:41,CANCELLED,CENTRAL
1606,377.0,2019-06-13 02:46:20,PLACED,SOUTH
1607,469.0,2012-08-26 03:59:39,PLACED,NORTH
1608,401.0,1974-01-28 08:48:00,SHIPPED,EAST
1609,79.0,2005-07-17 01:56:37,PLACED,SOUTH
1610,283.0,1983-08-28 03:12:35,PLACED,SOUTH
1611,509.0,1994-10-16 02:18:10,SHIPPED,SOUTH
1612,534.0,2001-06-22 04:03:15,PLACED,EAST
1613,427.0,1980-01-21 04:32:40,RETURNED,SOUTH
1614,486.0,1986-05-11 12:38:44,DELIVERED,WEST
1615,455.0,1980-03-29 00:25:58,PLACED,EAST
1616,194.0,2020-10-17 16:56:10,PLACED,NORTH
1617,238.0,2016-08-20 09:19:46,RETURNED,EAST
1618,,2022-02-04 08:28:54,RETURNED,EAST
1619,672.0,1990-06-08 09:25:01,DELIVERED,WEST
1620,608.0,1999-08-18 15:31:37,RETURNED,CENTRAL
1621,456.0,1997-12-02 01:46:52,CANCELLED,EAST
1622,581.0,1991-09-08 04:01:26,SHIPPED,EAST
1623,176.0,2026-07-01 02:10:07,DELIVERED,SOUTH
1624,496.0,1974-05-21 08:31:02,DELIVERED,EAST
1625,49.0,2013-02-20 08:28:32,SHIPPED,EAST
1626,292.0,1983-11-08 11:05:57,CANCELLED,SOUTH
1627,634.0,1998-01-25 05:04:40,SHIPPED,CENTRAL
1628,293.0,1988-03-01 16:47:03,SHIPPED,SOUTH
1629,683.0,2026-01-20 10:34:38,SHIPPED,SOUTH
1630,244.0,1989-07-14 12:46:21,PLACED,NORTH
1631,325.0,18-12-2013,RETURNED,SOUTH
1632,452.0,1980-12-05 08:16:16,DELIVERED,EAST
1633,189.0,1987-06-15 00:22:32,SHIPPED,CENTRAL
1634,36.0,2016-09-27 20:54:29,DELIVERED,EAST
1635,152.0,2010-11-30 17:01:18,DELIVERED,WEST
1636,553.0,1986-01-26 00:55:57,SHIPPED,CENTRAL
1637,309.0,1997-08-14 20:27:57,PLACED,NORTH
1638,415.0,25-03-1986,CANCELLED,SOUTH
1639,470.0,1977-09-23 12:19:51,DELIVERED,SOUTH
1640,5.0,1980-03-16 07:58:00,RETURNED,CENTRAL
1641,340.0,1983-01-23 02:21:37,DELIVERED,WEST
1642,297.0,1971-11-20 14:11:05,RETURNED,SOUTH
1643,579.0,1986-09-18 02:07:03,CANCELLED,EAST
1644,116.0,2024-03-28 15:43:02,CANCELLED,NORTH
1645,143.0,2026-04-17 21:12:49,RETURNED,NORTH
1646,316.0,1991-02-18 12:39:59,PLACED,WEST
1647,633.0,2001-08-02 18:02:51,SHIPPED,WEST
1648,,2003-01-12 05:51:06,PLACED,EAST
1649,57.0,2008-02-05 12:37:35,RETURNED,SOUTH
1650,598.0,1999-09-06 03:25:02,RETURNED,SOUTH
1651,285.0,1998-09-20 08:12:50,SHIPPED,NORTH
1652,86.0,2014-01-09 08:01:58,RETURNED,WEST
1653,694.0,1972-07-08 17:35:12,PLACED,CENTRAL
1654,404.0,1983-09-30 12:01:55,SHIPPED,WEST
1655,,1980-11-04 21:02:29,RETURNED,CENTRAL
1656,524.0,1988-07-23 07:01:21,PLACED,EAST
1657,408.0,1979-04-15 00:02:26,SHIPPED,WEST
1658,379.0,1971-12-26 07:48:12,CANCELLED,EAST
1659,,1987-08-02 11:43:14,DELIVERED,EAST
1660,360.0,2023-09-27 08:24:20,DELIVERED,WEST
1661,575.0,2024-09-06 01:11:49,PLACED,SOUTH
1662,455.0,1988-11-26 01:26:47,CANCELLED,WEST
1663,296.0,2014-10-28 08:23:11,SHIPPED,WEST
1664,425.0,2007-06-23 20:59:42,SHIPPED,CENTRAL
1665,613.0,1981-12-23 03:16:30,PLACED,SOUTH
1666,,2013-11-05 00:13:57,DELIVERED,WEST
1667,538.0,1972-11-15 16:35:16,DELIVERED,NORTH
1668,605.0,2019-03-02 04:31:43,CANCELLED,NORTH
1669,7.0,2003-01-23 16:01:16,CANCELLED,EAST
1670,425.0,2023-03-26 12:36:29,SHIPPED,CENTRAL
1671,474.0,1971-05-10 20:01:42,RETURNED,SOUTH
1672,,1973-10-07 04:00:13,SHIPPED,WEST
1673,297.0,18-09-1975,RETURNED,WEST
1674,44.0,1991-05-13 03:29:20,DELIVERED,CENTRAL
1675,312.0,2010-12-09 20:13:33,CANCELLED,CENTRAL
1676,475.0,1990-04-12 07:30:06,SHIPPED,NORTH
1677,3.0,1974-04-30 07:57:35,SHIPPED,EAST
1678,308.0,1997-09-12 05:02:27,CANCELLED,NORTH
1679,670.0,1994-09-25 04:58:17,DELIVERED,WEST
1680,184.0,2015-09-16 11:59:48,CANCELLED,SOUTH
1681,30.0,2014-09-27 12:37:38,PLACED,EAST
1682,505.0,1976-02-23 13:48:04,PLACED,CENTRAL
1683,371.0,1997-01-03 21:07:05,RETURNED,WEST
1684,580.0,2019-04-14 22:40:35,CANCELLED,EAST
1685,644.0,1979-07-26 15:23:59,CANCELLED,NORTH
1686,383.0,1986-01-23 20:02:01,RETURNED,CENTRAL
1687,18.0,1977-08-14 02:15:21,DELIVERED,SOUTH
1688,596.0,2008-11-08 14:53:13,PLACED,SOUTH
1689,328.0,2019-12-25 14:37:41,CANCELLED,SOUTH
1690,366.0,2004-01-16 17:52:10,SHIPPED,NORTH
1691,280.0,1978-03-18 14:07:24,DELIVERED,WEST
1692,652.0,2005-07-09 07:48:45,DELIVERED,NORTH
1693,297.0,2015-03-15 04:57:16,DELIVERED,CENTRAL
1694,655.0,2026-05-31 10:46:38,PLACED,CENTRAL
1695,199.0,2009-07-01 09:51:35,SHIPPED,NORTH
1696,614.0,2022-09-30 14:37:06,SHIPPED,CENTRAL
1697,331.0,2005-09-29 09:52:41,DELIVERED,EAST
1698,278.0,1987-02-19 17:21:20,DELIVERED,NORTH
1699,,2003-10-14 08:36:58,RETURNED,EAST
1700,148.0,1976-02-22 03:29:54,PLACED,SOUTH
1701,531.0,1986-03-15 10:22:39,DELIVERED,EAST
1702,497.0,2010-10-26 15:21:16,CANCELLED,EAST
1703,167.0,1978-04-28 04:58:15,PLACED,SOUTH
1704,159.0,2022-08-13 18:19:36,RETURNED,SOUTH
1705,193.0,2024-11-23 07:41:07,RETURNED,CENTRAL
1706,539.0,1991-04-30 20:32:33,RETURNED,CENTRAL
1707,117.0,29-05-1992,CANCELLED,WEST
1708,79.0,06-10-2009,PLACED,SOUTH
1709,18.0,2020-03-03 02:37:01,CANCELLED,EAST
1710,320.0,1996-07-15 06:37:59,DELIVERED,SOUTH
1711,453.0,2024-11-02 07:14:37,RETURNED,CENTRAL
1712,351.0,2020-12-04 22:36:49,SHIPPED,EAST
1713,30.0,2020-08-17 04:48:48,PLACED,SOUTH
1714,132.0,1986-01-21 06:32:41,SHIPPED,SOUTH
1715,315.0,1998-10-11 11:11:05,SHIPPED,SOUTH
1716,134.0,1984-11-01 15:04:05,PLACED,WEST
1717,115.0,1979-10-27 01:07:31,PLACED,NORTH
1718,496.0,1977-04-08 21:02:28,CANCELLED,NORTH
1719,202.0,1981-12-02 11:35:11,PLACED,NORTH
1720,676.0,1984-07-27 16:46:34,RETURNED,CENTRAL
1721,61.0,1988-09-06 21:51:48,CANCELLED,NORTH
1722,260.0,1999-11-28 05:17:50,PLACED,NORTH
1723,309.0,1997-10-16 05:30:37,PLACED,NORTH
1724,127.0,1987-04-22 19:23:25,RETURNED,SOUTH
1725,,2010-02-11 15:04:49,SHIPPED,SOUTH
1726,687.0,22-10-1973,DELIVERED,NORTH
1727,93.0,2003-05-15 22:17:13,SHIPPED,EAST
1728,594.0,2006-04-21 11:14:02,DELIVERED,EAST
1729,165.0,1995-07-02 08:13:43,RETURNED,CENTRAL
1730,248.0,11-08-2017,RETURNED,CENTRAL
1731,70.0,1977-09-08 16:04:15,PLACED,CENTRAL
1732,15.0,1991-07-16 09:36:26,RETURNED,SOUTH
1733,197.0,2007-02-20 13:35:29,DELIVERED,SOUTH
1734,551.0,1998-11-03 03:24:11,PLACED,NORTH
1735,220.0,2002-04-25 13:30:59,RETURNED,WEST
1736,376.0,17-06-2016,RETURNED,SOUTH
1737,451.0,1986-10-06 23:31:18,PLACED,SOUTH
1738,364.0,25-11-1988,CANCELLED,WEST
1739,220.0,2023-05-16 05:13:03,RETURNED,SOUTH
1740,418.0,1979-11-11 19:05:40,PLACED,EAST
1741,127.0,1994-09-14 08:44:59,CANCELLED,NORTH
1742,533.0,2002-05-04 16:49:57,SHIPPED,WEST
1743,370.0,2018-09-14 02:31:08,DELIVERED,CENTRAL
1744,42.0,1995-01-10 05:01:43,PLACED,EAST
1745,506.0,2025-11-23 03:31:40,PLACED,WEST
1746,291.0,1990-12-21 15:24:03,CANCELLED,CENTRAL
1747,320.0,1971-06-08 19:15:12,CANCELLED,SOUTH
1748,568.0,02-12-2013,CANCELLED,EAST
1749,439.0,2011-03-24 14:34:04,SHIPPED,NORTH
1750,488.0,1972-05-15 04:37:56,DELIVERED,SOUTH
1751,14.0,2020-04-27 02:56:06,CANCELLED,NORTH
1752,406.0,2015-01-24 15:39:57,CANCELLED,CENTRAL
1753,675.0,2024-05-14 19:03:42,PLACED,NORTH
1754,147.0,1973-09-20 21:19:25,CANCELLED,WEST
1755,605.0,2017-01-01 00:07:58,PLACED,SOUTH
1756,67.0,2023-09-05 19:08:46,DELIVERED,SOUTH
1757,347.0,2015-09-14 16:10:03,SHIPPED,CENTRAL
1758,,1986-04-24 04:12:10,PLACED,SOUTH
1759,435.0,1987-03-20 22:10:38,CANCELLED,EAST
1760,,2007-08-13 03:02:16,RETURNED,EAST
1761,,1996-03-06 12:39:10,CANCELLED,EAST
1762,488.0,1991-01-17 21:50:47,RETURNED,WEST
1763,497.0,2013-06-25 03:57:27,RETURNED,EAST
1764,151.0,2017-09-04 22:12:12,CANCELLED,NORTH
1765,126.0,1994-09-10 19:29:41,DELIVERED,WEST
1766,510.0,2025-04-10 14:10:25,SHIPPED,SOUTH
1767,31.0,2016-08-18 22:33:20,PLACED,NORTH
1768,70.0,1978-04-22 15:54:27,CANCELLED,NORTH
1769,184.0,2006-05-27 06:39:17,CANCELLED,CENTRAL
1770,696.0,1986-02-01 07:17:35,DELIVERED,SOUTH
1771,311.0,2000-02-08 23:33:00,RETURNED,CENTRAL
1772,99.0,1996-06-08 11:59:22,PLACED,CENTRAL
1773,505.0,1970-07-15 12:18:40,CANCELLED,SOUTH
1774,301.0,1996-09-28 11:03:24,CANCELLED,WEST
1775,517.0,1987-05-23 07:47:07,DELIVERED,CENTRAL
1776,352.0,1990-06-23 14:46:29,RETURNED,CENTRAL
1777,19.0,22-02-1976,PLACED,WEST
1778,122.0,2025-12-26 12:16:21,CANCELLED,WEST
1779,323.0,2021-06-29 02:00:02,CANCELLED,WEST
1780,,1986-01-09 09:38:01,PLACED,NORTH
1781,182.0,1990-03-29 11:40:18,RETURNED,EAST
1782,169.0,1984-04-26 04:25:47,CANCELLED,WEST
1783,138.0,1980-11-26 11:15:55,DELIVERED,WEST
1784,500.0,1999-11-12 13:44:32,PLACED,CENTRAL
1785,,2012-12-18 08:33:24,CANCELLED,CENTRAL
1786,,1991-08-02 15:50:12,RETURNED,WEST
1787,488.0,2025-04-10 12:39:36,RETURNED,SOUTH
1788,519.0,2022-03-06 10:45:47,PLACED,WEST
1789,270.0,2013-11-08 09:10:22,CANCELLED,CENTRAL
1790,387.0,1997-08-25 08:43:09,RETURNED,EAST
1791,292.0,2023-09-18 14:10:20,DELIVERED,NORTH
1792,29.0,1972-04-22 03:12:39,RETURNED,NORTH
1793,132.0,1988-08-25 05:09:10,DELIVERED,EAST
1794,598.0,1975-06-14 18:15:54,PLACED,EAST
1795,390.0,2026-01-07 16:36:06,PLACED,WEST
1796,354.0,2023-01-16 12:01:04,DELIVERED,WEST
1797,360.0,2003-06-18 01:37:06,PLACED,SOUTH
1798,254.0,2002-01-22 00:53:46,SHIPPED,EAST
1799,607.0,2020-02-24 19:00:17,PLACED,NORTH
1800,313.0,1998-02-07 05:01:13,PLACED,EAST
1801,174.0,1992-08-22 20:31:46,PLACED,CENTRAL
1802,334.0,2018-10-26 17:25:45,PLACED,WEST
1803,674.0,1998-09-28 23:07:48,CANCELLED,CENTRAL
1804,528.0,2025-10-26 05:00:08,CANCELLED,EAST
1805,21.0,1976-10-31 08:17:16,CANCELLED,CENTRAL
1806,23.0,2026-02-06 14:16:18,DELIVERED,WEST
1807,585.0,1980-11-29 08:31:56,CANCELLED,EAST
1808,587.0,2017-07-13 20:51:17,PLACED,WEST
1809,103.0,05-10-1987,SHIPPED,EAST
1810,509.0,2004-06-16 00:18:17,RETURNED,EAST
1811,171.0,1974-07-08 13:35:46,RETURNED,EAST
1812,373.0,1993-12-11 10:29:07,CANCELLED,SOUTH
1813,509.0,1998-08-22 19:03:07,PLACED,CENTRAL
1814,220.0,2010-12-22 16:08:50,DELIVERED,EAST
1815,49.0,2019-08-17 03:35:24,DELIVERED,CENTRAL
1816,412.0,2025-05-09 20:43:49,SHIPPED,CENTRAL
1817,95.0,2007-04-10 20:18:58,RETURNED,NORTH
1818,607.0,2020-03-16 18:12:17,DELIVERED,EAST
1819,69.0,1992-03-27 20:54:36,RETURNED,CENTRAL
1820,487.0,2000-11-04 21:09:55,CANCELLED,SOUTH
1821,356.0,23-04-2017,PLACED,EAST
1822,517.0,1971-11-11 19:26:24,DELIVERED,WEST
1823,680.0,2021-11-08 00:03:29,RETURNED,EAST
1824,205.0,1973-07-18 22:09:21,CANCELLED,WEST
1825,258.0,2013-08-24 09:46:26,RETURNED,CENTRAL
1826,465.0,2013-08-29 20:50:37,RETURNED,SOUTH
1827,20.0,1982-07-03 20:57:10,RETURNED,SOUTH
1828,591.0,2012-11-18 14:53:53,CANCELLED,SOUTH
1829,677.0,04-03-2000,CANCELLED,EAST
1830,654.0,2023-10-30 21:24:12,RETURNED,CENTRAL
1831,445.0,2013-08-17 14:20:12,RETURNED,NORTH
1832,535.0,1979-04-06 14:10:25,SHIPPED,EAST
1833,474.0,1970-03-18 10:47:20,SHIPPED,SOUTH
1834,155.0,1997-04-07 12:06:10,DELIVERED,WEST
1835,421.0,1983-08-13 21:34:32,DELIVERED,NORTH
1836,650.0,2012-10-03 09:19:36,SHIPPED,WEST
1837,274.0,1990-10-17 10:12:17,DELIVERED,SOUTH
1838,263.0,1991-05-08 14:20:47,RETURNED,SOUTH
1839,416.0,2009-03-08 19:39:23,SHIPPED,NORTH
1840,154.0,1975-08-06 21:19:49,SHIPPED,NORTH
1841,252.0,1977-07-17 15:35:57,DELIVERED,WEST
1842,498.0,1980-09-27 16:45:17,RETURNED,WEST
1843,433.0,1986-12-26 22:19:38,PLACED,SOUTH
1844,164.0,2005-02-20 08:15:02,DELIVERED,SOUTH
1845,30.0,2018-07-23 17:28:04,DELIVERED,EAST
1846,675.0,2022-03-27 23:37:24,RETURNED,SOUTH
1847,660.0,2026-07-11 04:57:12,PLACED,WEST
1848,21.0,2014-03-06 11:17:23,PLACED,NORTH
1849,,2021-12-07 12:17:09,RETURNED,EAST
1850,66.0,1978-11-08 11:28:04,CANCELLED,EAST
1851,688.0,2010-06-04 08:25:04,PLACED,WEST
1852,144.0,2016-08-31 11:49:26,SHIPPED,NORTH
1853,585.0,1997-12-03 11:08:48,RETURNED,NORTH
1854,535.0,10-12-2023,RETURNED,CENTRAL
1855,258.0,1991-09-26 17:00:13,CANCELLED,NORTH
1856,244.0,2000-09-21 20:12:59,RETURNED,NORTH
1857,321.0,2002-07-21 20:07:15,DELIVERED,CENTRAL
1858,400.0,2020-01-11 19:14:54,SHIPPED,WEST
1859,224.0,1979-02-01 09:41:59,SHIPPED,NORTH
1860,180.0,1987-09-28 05:36:23,SHIPPED,EAST
1861,451.0,1981-10-21 20:16:02,CANCELLED,EAST
1862,604.0,13-10-2016,PLACED,WEST
1863,547.0,2010-05-10 14:27:19,DELIVERED,NORTH
1864,325.0,2026-04-06 10:41:05,RETURNED,WEST
1865,487.0,1992-04-17 01:20:23,SHIPPED,EAST
1866,149.0,2024-05-29 09:25:43,DELIVERED,WEST
1867,377.0,1989-03-06 02:39:27,DELIVERED,NORTH
1868,661.0,1983-07-09 19:31:32,RETURNED,NORTH
1869,679.0,1975-09-29 17:56:05,PLACED,SOUTH
1870,260.0,1998-03-17 08:45:01,RETURNED,WEST
1871,317.0,1995-01-06 17:41:03,DELIVERED,NORTH
1872,548.0,1982-05-18 21:10:06,SHIPPED,WEST
1873,398.0,1996-10-11 08:25:11,PLACED,WEST
1874,262.0,1995-09-05 08:09:46,DELIVERED,NORTH
1875,242.0,2008-10-25 03:13:20,DELIVERED,SOUTH
1876,165.0,1985-04-11 15:47:35,CANCELLED,EAST
1877,660.0,1971-05-31 08:41:28,CANCELLED,NORTH
1878,281.0,1971-07-25 22:11:35,PLACED,WEST
1879,483.0,2008-01-04 08:06:45,CANCELLED,EAST
1880,433.0,2014-01-13 22:10:31,PLACED,SOUTH
1881,,2011-08-25 10:06:08,RETURNED,NORTH
1882,361.0,2012-08-22 21:46:45,CANCELLED,CENTRAL
1883,561.0,1985-07-25 13:11:06,DELIVERED,WEST
1884,29.0,1976-01-21 12:35:25,PLACED,SOUTH
1885,646.0,2001-06-20 15:11:25,CANCELLED,SOUTH
1886,4.0,1983-06-29 22:23:52,CANCELLED,SOUTH
1887,644.0,1987-10-25 15:44:26,DELIVERED,EAST
1888,590.0,20-09-2017,PLACED,NORTH
1889,162.0,1981-06-26 10:51:06,SHIPPED,CENTRAL
1890,665.0,1973-05-22 08:41:42,SHIPPED,CENTRAL
1891,421.0,1997-04-16 18:38:30,DELIVERED,WEST
1892,490.0,2012-01-21 13:46:31,SHIPPED,EAST
1893,178.0,1999-03-10 10:49:20,RETURNED,EAST
1894,289.0,2010-11-09 20:12:54,SHIPPED,NORTH
1895,425.0,1987-09-15 06:09:44,DELIVERED,SOUTH
1896,403.0,1980-02-27 15:48:45,CANCELLED,CENTRAL
1897,230.0,1976-01-23 15:06:49,PLACED,NORTH
1898,572.0,1995-01-14 16:55:12,RETURNED,SOUTH
1899,92.0,1981-07-30 10:15:00,CANCELLED,SOUTH
1900,269.0,2008-08-07 21:34:14,SHIPPED,NORTH
1901,411.0,1977-12-26 18:18:49,RETURNED,WEST
1902,615.0,1970-12-17 19:52:08,DELIVERED,SOUTH
1903,92.0,2018-11-25 11:42:37,DELIVERED,SOUTH
1904,581.0,2005-10-13 18:24:27,PLACED,NORTH
1905,539.0,1999-08-12 22:17:45,CANCELLED,WEST
1906,690.0,2022-08-17 22:48:03,CANCELLED,NORTH
1907,230.0,2000-11-15 23:16:59,SHIPPED,SOUTH
1908,273.0,2026-04-18 14:17:24,DELIVERED,WEST
1909,392.0,2015-11-03 16:02:32,SHIPPED,WEST
1910,212.0,2003-08-18 03:22:42,RETURNED,SOUTH
1911,290.0,1978-01-24 15:22:11,SHIPPED,WEST
1912,185.0,1985-04-11 13:53:30,CANCELLED,SOUTH
1913,30.0,2018-07-23 17:20:07,DELIVERED,EAST
1914,242.0,1983-10-29 04:55:58,RETURNED,WEST
1915,255.0,1982-12-20 00:01:17,DELIVERED,CENTRAL
1916,663.0,09-05-2025,CANCELLED,NORTH
1917,11.0,2023-03-23 17:54:51,CANCELLED,SOUTH
1918,332.0,1988-02-12 12:10:59,CANCELLED,SOUTH
1919,393.0,1989-08-06 08:00:27,CANCELLED,CENTRAL
1920,263.0,2020-10-17 22:36:36,PLACED,NORTH
1921,571.0,2003-08-18 14:47:25,PLACED,NORTH
1922,341.0,1996-01-01 11:43:57,SHIPPED,WEST
1923,363.0,11-11-1978,RETURNED,CENTRAL
1924,47.0,1999-05-09 05:35:41,PLACED,EAST
1925,517.0,1984-01-23 05:15:11,RETURNED,WEST
1926,310.0,2010-11-02 03:19:36,CANCELLED,EAST
1927,136.0,1984-09-01 22:28:51,RETURNED,NORTH
1928,595.0,29-01-2026,SHIPPED,EAST
1929,174.0,1989-04-04 04:32:09,RETURNED,WEST
1930,348.0,2019-06-15 10:14:43,CANCELLED,SOUTH
1931,92.0,2016-01-31 14:45:56,DELIVERED,CENTRAL
1932,444.0,1982-11-20 15:31:49,SHIPPED,EAST
1933,120.0,1998-06-20 16:09:30,DELIVERED,NORTH
1934,131.0,1982-04-11 02:49:12,CANCELLED,EAST
1935,370.0,1997-10-19 22:07:00,CANCELLED,EAST
1936,270.0,2023-12-05 18:54:46,RETURNED,EAST
1937,530.0,1979-12-07 10:18:11,DELIVERED,WEST
1938,169.0,1971-12-17 03:50:02,DELIVERED,WEST
1939,155.0,1989-09-30 18:50:29,RETURNED,WEST
1940,55.0,1987-10-26 01:27:52,SHIPPED,SOUTH
1941,56.0,1986-01-10 00:38:51,SHIPPED,SOUTH
1942,37.0,2012-01-13 12:36:51,CANCELLED,EAST
1943,168.0,2000-09-09 02:04:26,CANCELLED,WEST
1944,119.0,1986-11-24 23:26:04,CANCELLED,NORTH
1945,453.0,1995-02-26 09:29:58,DELIVERED,CENTRAL
1946,497.0,2009-09-01 03:13:36,CANCELLED,WEST
1947,116.0,2016-07-25 13:12:54,SHIPPED,NORTH
1948,358.0,2014-01-17 03:03:26,PLACED,SOUTH
1949,291.0,2001-03-06 17:32:20,SHIPPED,SOUTH
1950,521.0,1975-11-02 01:06:53,DELIVERED,CENTRAL
1951,680.0,1970-09-14 12:15:44,RETURNED,SOUTH
1952,598.0,2001-11-28 02:46:26,PLACED,CENTRAL
1953,585.0,1979-01-24 19:50:19,SHIPPED,WEST
1954,79.0,1991-12-31 07:44:13,SHIPPED,WEST
1955,694.0,2017-02-28 04:39:18,PLACED,EAST
1956,27.0,1997-01-20 06:37:24,DELIVERED,NORTH
1957,404.0,2016-09-27 19:26:43,DELIVERED,CENTRAL
1958,109.0,1984-06-10 16:45:56,DELIVERED,SOUTH
1959,30.0,2018-07-18 01:28:04,PLACED,WEST
1960,676.0,1996-02-05 19:56:57,CANCELLED,WEST
1961,644.0,2018-03-18 16:46:24,DELIVERED,CENTRAL
1962,674.0,1998-10-21 22:53:07,PLACED,EAST
1963,45.0,2020-02-03 23:12:01,RETURNED,WEST
1964,333.0,2010-08-22 09:15:18,RETURNED,SOUTH
1965,217.0,1987-06-09 12:31:16,PLACED,EAST
1966,331.0,21-12-1974,PLACED,NORTH
1967,561.0,1976-06-26 04:23:17,RETURNED,WEST
1968,95.0,2007-11-27 07:25:36,CANCELLED,EAST
1969,183.0,1973-12-31 07:07:20,SHIPPED,WEST
1970,92.0,1973-07-19 06:22:58,PLACED,SOUTH
1971,167.0,1992-08-26 08:14:19,CANCELLED,WEST
1972,292.0,1985-12-25 00:22:37,SHIPPED,NORTH
1973,,2002-01-18 02:07:50,CANCELLED,WEST
1974,,1994-02-10 05:11:00,RETURNED,SOUTH
1975,368.0,2011-04-07 12:27:18,PLACED,EAST
1976,525.0,2015-08-25 14:44:26,SHIPPED,WEST
1977,457.0,2024-08-04 23:52:28,CANCELLED,WEST
1978,,2010-09-17 03:19:41,RETURNED,CENTRAL
1979,434.0,2018-04-15 08:34:56,PLACED,WEST
1980,,2020-12-01 15:38:36,RETURNED,SOUTH
1981,445.0,2025-02-10 00:06:19,CANCELLED,NORTH
1982,42.0,1973-02-05 04:53:23,RETURNED,EAST
1983,475.0,1970-05-14 05:57:10,SHIPPED,SOUTH
1984,508.0,1987-04-06 16:13:31,RETURNED,CENTRAL
1985,86.0,2004-05-02 11:01:26,DELIVERED,WEST
1986,448.0,2012-03-02 16:19:23,PLACED,WEST
1987,308.0,1995-12-04 06:10:29,SHIPPED,SOUTH
1988,,1990-08-02 20:39:48,SHIPPED,CENTRAL
1989,438.0,10-11-1996,DELIVERED,CENTRAL
1990,49.0,2015-09-06 07:23:36,RETURNED,NORTH
1991,47.0,1995-03-29 19:11:29,RETURNED,NORTH
1992,523.0,1978-12-31 19:11:20,CANCELLED,WEST
1993,97.0,2008-01-29 22:46:34,CANCELLED,CENTRAL
1994,260.0,1972-10-19 04:00:33,DELIVERED,EAST
1995,,2009-07-03 01:55:47,PLACED,CENTRAL
1996,17.0,1982-03-17 07:41:55,PLACED,WEST
1997,184.0,1987-09-18 14:01:12,SHIPPED,WEST
1998,47.0,1981-07-24 01:18:41,PLACED,WEST
1999,305.0,2004-04-12 16:37:20,DELIVERED,CENTRAL
2000,466.0,2003-07-16 14:24:29,CANCELLED,CENTRAL
